{
    "JobId": "d29ddf43-7df4-490b-96fc-99f41eacbb1c",
    "ModelId": "model-cps-hbwnarea01nap01-pareto1",
    "CalculationType": "GED_DR_MASS_TEST",
    "Configuration": {
        "EDGE1_NAME": "FED01EXH01",
        "EDGE2_NAME": "FED02EXH01",
        "EDGE3_NAME": "EXH01MIX01",
        "EDGE4_NAME": "EXH01MIX01",
        "EDGE5_NAME": "MIX01VSL01",
        "EDGE6_NAME": "FED03VSL01",
        "EDGE7_NAME": "VSL01PRD01",
        "EDGE8_NAME": "VSL01EXH02",
        "EDGE9_NAME": "EXH02MIX02",
        "EDGE10_NAME": "EXH02MIX02",
        "EDGE11_NAME": "EXH02MIX02",
        "EDGE12_NAME": "MIX02MIX03",
        "EDGE13_NAME": "MIX03COL01",
        "EDGE14_NAME": "COL01VSL02",
        "EDGE15_NAME": "VSL02COL01",
        "EDGE16_NAME": "VSL02PRD04",
        "EDGE17_NAME": "VSL02PRD03",
        "EDGE18_NAME": "VSL02PRD02",
        "EDGE19_NAME": "COL01EXH03",
        "EDGE20_NAME": "EXH03COL01",
        "EDGE21_NAME": "EXH03COL01",
        "EDGE22_NAME": "EXH03MIX04",
        "EDGE23_NAME": "MIX04COL01",
        "EDGE24_NAME": "MIX04COL01",
        "EDGE25_NAME": "MIX04COL01",
        "EDGE26_NAME": "MIX04EXH04",
        "EDGE27_NAME": "EXH04MIX05",
        "EDGE28_NAME": "EXH04MIX05",
        "EDGE29_NAME": "EXH04MIX05",
        "EDGE30_NAME": "EXH04MIX05",
        "EDGE31_NAME": "EXH04MIX05",
        "EDGE32_NAME": "EXH04MIX05",
        "EDGE33_NAME": "EXH04MIX05",
        "EDGE34_NAME": "EXH04MIX05",
        "EDGE35_NAME": "MIX05COL02",
        "EDGE36_NAME": "FED07COL02",
        "EDGE37_NAME": "COL02VSL03",
        "EDGE38_NAME": "VSL03PRD08",
        "EDGE39_NAME": "VSL03PRD09",
        "EDGE40_NAME": "VSL03WAT01",
        "EDGE41_NAME": "WAT01BLK02",
        "EDGE42_NAME": "BLK02FED07",
        "EDGE43_NAME": "COL02PRD05",
        "EDGE44_NAME": "COL02PRD06",
        "EDGE45_NAME": "COL02PRD10",
        "EDGE46_NAME": "COL02MIX08",
        "EDGE47_NAME": "MIX08COL03",
        "EDGE48_NAME": "COL03MIX09",
        "EDGE49_NAME": "MIX09MIX08",
        "EDGE50_NAME": "MIX09PRD11",
        "EDGE51_NAME": "COL03PRD15",
        "EDGE52_NAME": "COL03PRD12",
        "EDGE53_NAME": "COL03PRD13",
        "EDGE54_NAME": "COL03EXH09",
        "EDGE55_NAME": "COL03EXH09",
        "EDGE56_NAME": "EXH09COL03",
        "EDGE57_NAME": "EXH09PRD14",
        "EDGE58_NAME": "PRD01BLK01",
        "EDGE59_NAME": "BLK01FED02",
        "EDGE60_NAME": "PRD03BLK01",
        "EDGE61_NAME": "BLK01FED03",
        "EDGE1_ASSET": "XI_23005_01_MR",
        "EDGE2_ASSET": "",
        "EDGE3_ASSET": "XI_23014_01_MR",
        "EDGE4_ASSET": "XI_23015_01_MR",
        "EDGE5_ASSET": "",
        "EDGE6_ASSET": "XI_23032_01_MR",
        "EDGE7_ASSET": "",
        "EDGE8_ASSET": "",
        "EDGE9_ASSET": "XI_23024_01_MR",
        "EDGE10_ASSET": "XI_23026_01_MR",
        "EDGE11_ASSET": "XI_23029_01_MR",
        "EDGE12_ASSET": "",
        "EDGE13_ASSET": "",
        "EDGE14_ASSET": "",
        "EDGE15_ASSET": "XI_23049_01_MR",
        "EDGE16_ASSET": "XI_23050_01_MR",
        "EDGE17_ASSET": "",
        "EDGE18_ASSET": "XI_23293_01_MR",
        "EDGE19_ASSET": "",
        "EDGE20_ASSET": "XI_23071_01_MR",
        "EDGE21_ASSET": "XI_23072_01_MR",
        "EDGE22_ASSET": "XI_23057_01_MR",
        "EDGE23_ASSET": "XI_23069_01_MR",
        "EDGE24_ASSET": "XI_23060_01_MR",
        "EDGE25_ASSET": "XI_23061_01_MR",
        "EDGE26_ASSET": "",
        "EDGE27_ASSET": "XI_23075_01_MR",
        "EDGE28_ASSET": "XI_23076_01_MR",
        "EDGE29_ASSET": "XI_23077_01_MR",
        "EDGE30_ASSET": "XI_23078_01_MR",
        "EDGE31_ASSET": "XI_23082_01_MR",
        "EDGE32_ASSET": "XI_23083_01_MR",
        "EDGE33_ASSET": "XI_23084_01_MR",
        "EDGE34_ASSET": "XI_23085_01_MR",
        "EDGE35_ASSET": "",
        "EDGE36_ASSET": "XI_23314_01_MR",
        "EDGE37_ASSET": "",
        "EDGE38_ASSET": "XI_23274_01_MR",
        "EDGE39_ASSET": "XI_23146_01_MR",
        "EDGE40_ASSET": "",
        "EDGE41_ASSET": "",
        "EDGE42_ASSET": "",
        "EDGE43_ASSET": "XI_23133_01_MR",
        "EDGE44_ASSET": "XI_23136_01_MR",
        "EDGE45_ASSET": "XI_23149_01_MR",
        "EDGE46_ASSET": "",
        "EDGE47_ASSET": "XI_23152_01_MR",
        "EDGE48_ASSET": "",
        "EDGE49_ASSET": "XI_23154_01_MR",
        "EDGE50_ASSET": "XI_23177_01_MR",
        "EDGE51_ASSET": "",
        "EDGE52_ASSET": "XI_23167_01_MR",
        "EDGE53_ASSET": "XI_23169_01_MR",
        "EDGE54_ASSET": "XI_23182_01_MR",
        "EDGE55_ASSET": "XI_23192_01_MR",
        "EDGE56_ASSET": "XI_23203_01_MR",
        "EDGE57_ASSET": "",
        "EDGE58_ASSET": "",
        "EDGE59_ASSET": "",
        "EDGE60_ASSET": "",
        "EDGE61_ASSET": "",
        "CONFIG_FILE": "TestConfiguration",
        "REACTION_INDICATOR": "0",
        "TERMINAL_INDICATOR": "1",
        "INTERVAL": "30",
        "TOTAL_COMPONENTS": "0",
        "MODEL_SERVICE_TOKEN": "<Token>",
        "UNIT_STEADY_STATE_TAG": "U0300_01.SSD1_ST",
        "UNIT_STEADY_STATE_REQUIREMENT": "0.5",
        "INTERUNIT_INDICATOR": "0",
        "MODEL_SERVICE_ENDPOINT": "<URL>",
        "SAMPLE_DATA_FREQUENCY": "100",
        "COMPONENT_INDICATOR": "0",
        "DELAY": "150"
    },
    "InputDataList": [
        {
            "tagName": "XI_23005_01_MR.PV_RW",
            "dataScienceTagName": "null",
            "timeStampsToValueMap": {
                "1614365859.0": 790230.1
            },
            "tagConfiguration": {}
        },
        {
            "tagName": "XI_23014_01_MR.PV_RW",
            "dataScienceTagName": "null",
            "timeStampsToValueMap": {
                "1614365859.0": 267938.8
            },
            "tagConfiguration": {}
        },
        {
            "tagName": "XI_23015_01_MR.PV_RW",
            "dataScienceTagName": "null",
            "timeStampsToValueMap": {
                "1614365859.0": 548872.3
            },
            "tagConfiguration": {}
        },
        {
            "tagName": "XI_23032_01_MR.PV_RW",
            "dataScienceTagName": "null",
            "timeStampsToValueMap": {
                "1614365859.0": 1838711.0
            },
            "tagConfiguration": {}
        },
        {
            "tagName": "XI_23024_01_MR.PV_RW",
            "dataScienceTagName": "null",
            "timeStampsToValueMap": {
                "1614365859.0": 362227.9
            },
            "tagConfiguration": {}
        },
        {
            "tagName": "XI_23026_01_MR.PV_RW",
            "dataScienceTagName": "null",
            "timeStampsToValueMap": {
                "1614365859.0": 180051.2
            },
            "tagConfiguration": {}
        },
        {
            "tagName": "XI_23029_01_MR.PV_RW",
            "dataScienceTagName": "null",
            "timeStampsToValueMap": {
                "1614365859.0": 270076.2
            },
            "tagConfiguration": {}
        },
        {
            "tagName": "XI_23049_01_MR.PV_RW",
            "dataScienceTagName": "null",
            "timeStampsToValueMap": {
                "1614365859.0": 13427.33
            },
            "tagConfiguration": {}
        },
        {
            "tagName": "XI_23050_01_MR.PV_RW",
            "dataScienceTagName": "null",
            "timeStampsToValueMap": {
                "1614365859.0": 83989.97
            },
            "tagConfiguration": {}
        },
        {
            "tagName": "XI_23293_01_MR.PV_RW",
            "dataScienceTagName": "null",
            "timeStampsToValueMap": {
                "1614365859.0": 2050.29
            },
            "tagConfiguration": {}
        },
        {
            "tagName": "XI_23071_01_MR.PV_RW",
            "dataScienceTagName": "null",
            "timeStampsToValueMap": {
                "1614365859.0": 57457.08
            },
            "tagConfiguration": {}
        },
        {
            "tagName": "XI_23072_01_MR.PV_RW",
            "dataScienceTagName": "null",
            "timeStampsToValueMap": {
                "1614365859.0": 87051.51
            },
            "tagConfiguration": {}
        },
        {
            "tagName": "XI_23057_01_MR.PV_RW",
            "dataScienceTagName": "null",
            "timeStampsToValueMap": {
                "1614365859.0": 920255.1
            },
            "tagConfiguration": {}
        },
        {
            "tagName": "XI_23069_01_MR.PV_RW",
            "dataScienceTagName": "null",
            "timeStampsToValueMap": {
                "1614365859.0": 66313.41
            },
            "tagConfiguration": {}
        },
        {
            "tagName": "XI_23060_01_MR.PV_RW",
            "dataScienceTagName": "null",
            "timeStampsToValueMap": {
                "1614365859.0": 57275.46
            },
            "tagConfiguration": {}
        },
        {
            "tagName": "XI_23061_01_MR.PV_RW",
            "dataScienceTagName": "null",
            "timeStampsToValueMap": {
                "1614365859.0": 29963.47
            },
            "tagConfiguration": {}
        },
        {
            "tagName": "XI_23075_01_MR.PV_RW",
            "dataScienceTagName": "null",
            "timeStampsToValueMap": {
                "1614365859.0": 85271.27
            },
            "tagConfiguration": {}
        },
        {
            "tagName": "XI_23076_01_MR.PV_RW",
            "dataScienceTagName": "null",
            "timeStampsToValueMap": {
                "1614365859.0": 99219.18
            },
            "tagConfiguration": {}
        },
        {
            "tagName": "XI_23077_01_MR.PV_RW",
            "dataScienceTagName": "null",
            "timeStampsToValueMap": {
                "1614365859.0": 101587.2
            },
            "tagConfiguration": {}
        },
        {
            "tagName": "XI_23078_01_MR.PV_RW",
            "dataScienceTagName": "null",
            "timeStampsToValueMap": {
                "1614365859.0": 96134.59
            },
            "tagConfiguration": {}
        },
        {
            "tagName": "XI_23082_01_MR.PV_RW",
            "dataScienceTagName": "null",
            "timeStampsToValueMap": {
                "1614365859.0": 87314.57
            },
            "tagConfiguration": {}
        },
        {
            "tagName": "XI_23083_01_MR.PV_RW",
            "dataScienceTagName": "null",
            "timeStampsToValueMap": {
                "1614365859.0": 100112.7
            },
            "tagConfiguration": {}
        },
        {
            "tagName": "XI_23084_01_MR.PV_RW",
            "dataScienceTagName": "null",
            "timeStampsToValueMap": {
                "1614365859.0": 98166.18
            },
            "tagConfiguration": {}
        },
        {
            "tagName": "XI_23085_01_MR.PV_RW",
            "dataScienceTagName": "null",
            "timeStampsToValueMap": {
                "1614365859.0": 95521.48
            },
            "tagConfiguration": {}
        },
        {
            "tagName": "XI_23314_01_MR.PV_RW",
            "dataScienceTagName": "null",
            "timeStampsToValueMap": {
                "1614365859.0": 2651.185
            },
            "tagConfiguration": {}
        },
        {
            "tagName": "XI_23274_01_MR.PV_RW",
            "dataScienceTagName": "null",
            "timeStampsToValueMap": {
                "1614365859.0": 138.4478
            },
            "tagConfiguration": {}
        },
        {
            "tagName": "XI_23146_01_MR.PV_RW",
            "dataScienceTagName": "null",
            "timeStampsToValueMap": {
                "1614365859.0": 83915.66
            },
            "tagConfiguration": {}
        },
        {
            "tagName": "XI_23133_01_MR.PV_RW",
            "dataScienceTagName": "null",
            "timeStampsToValueMap": {
                "1614365859.0": 136905.0
            },
            "tagConfiguration": {}
        },
        {
            "tagName": "XI_23136_01_MR.PV_RW",
            "dataScienceTagName": "null",
            "timeStampsToValueMap": {
                "1614365859.0": 142012.6
            },
            "tagConfiguration": {}
        },
        {
            "tagName": "XI_23149_01_MR.PV_RW",
            "dataScienceTagName": "null",
            "timeStampsToValueMap": {
                "1614365859.0": 44482.88
            },
            "tagConfiguration": {}
        },
        {
            "tagName": "XI_23152_01_MR.PV_RW",
            "dataScienceTagName": "null",
            "timeStampsToValueMap": {
                "1614365859.0": 295848.6
            },
            "tagConfiguration": {}
        },
        {
            "tagName": "XI_23154_01_MR.PV_RW",
            "dataScienceTagName": "null",
            "timeStampsToValueMap": {
                "1614365859.0": 4653.695
            },
            "tagConfiguration": {}
        },
        {
            "tagName": "XI_23177_01_MR.PV_RW",
            "dataScienceTagName": "null",
            "timeStampsToValueMap": {
                "1614365859.0": 0.0
            },
            "tagConfiguration": {}
        },
        {
            "tagName": "XI_23167_01_MR.PV_RW",
            "dataScienceTagName": "null",
            "timeStampsToValueMap": {
                "1614365859.0": 171268.7
            },
            "tagConfiguration": {}
        },
        {
            "tagName": "XI_23169_01_MR.PV_RW",
            "dataScienceTagName": "null",
            "timeStampsToValueMap": {
                "1614365859.0": 57333.92
            },
            "tagConfiguration": {}
        },
        {
            "tagName": "XI_23182_01_MR.PV_RW",
            "dataScienceTagName": "null",
            "timeStampsToValueMap": {
                "1614365859.0": NaN
            },
            "tagConfiguration": {}
        },
        {
            "tagName": "XI_23192_01_MR.PV_RW",
            "dataScienceTagName": "null",
            "timeStampsToValueMap": {
                "1614365859.0": 100519.4
            },
            "tagConfiguration": {}
        },
        {
            "tagName": "XI_23203_01_MR.PV_RW",
            "dataScienceTagName": "null",
            "timeStampsToValueMap": {
                "1614365859.0": 15619.65
            },
            "tagConfiguration": {}
        },
        {
            "tagName": "XI_23005_01_MR.STDEV",
            "dataScienceTagName": "null",
            "timeStampsToValueMap": {
                "1614366349.0": 3777.315
            },
            "tagConfiguration": {}
        },
        {
            "tagName": "XI_23014_01_MR.STDEV",
            "dataScienceTagName": "null",
            "timeStampsToValueMap": {
                "1614366349.0": 1884.134
            },
            "tagConfiguration": {}
        },
        {
            "tagName": "XI_23015_01_MR.STDEV",
            "dataScienceTagName": "null",
            "timeStampsToValueMap": {
                "1614366349.0": 1584.496
            },
            "tagConfiguration": {}
        },
        {
            "tagName": "XI_23032_01_MR.STDEV",
            "dataScienceTagName": "null",
            "timeStampsToValueMap": {
                "1614366349.0": 1809.888
            },
            "tagConfiguration": {}
        },
        {
            "tagName": "XI_23024_01_MR.STDEV",
            "dataScienceTagName": "null",
            "timeStampsToValueMap": {
                "1614366349.0": 542.891
            },
            "tagConfiguration": {}
        },
        {
            "tagName": "XI_23026_01_MR.STDEV",
            "dataScienceTagName": "null",
            "timeStampsToValueMap": {
                "1614366349.0": 399.8755
            },
            "tagConfiguration": {}
        },
        {
            "tagName": "XI_23029_01_MR.STDEV",
            "dataScienceTagName": "null",
            "timeStampsToValueMap": {
                "1614366349.0": 2747.582
            },
            "tagConfiguration": {}
        },
        {
            "tagName": "XI_23049_01_MR.STDEV",
            "dataScienceTagName": "null",
            "timeStampsToValueMap": {
                "1614366349.0": 330.023
            },
            "tagConfiguration": {}
        },
        {
            "tagName": "XI_23050_01_MR.STDEV",
            "dataScienceTagName": "null",
            "timeStampsToValueMap": {
                "1614366349.0": 549.9254
            },
            "tagConfiguration": {}
        },
        {
            "tagName": "XI_23293_01_MR.STDEV",
            "dataScienceTagName": "null",
            "timeStampsToValueMap": {
                "1614366349.0": 136.7331
            },
            "tagConfiguration": {}
        },
        {
            "tagName": "XI_23071_01_MR.STDEV",
            "dataScienceTagName": "null",
            "timeStampsToValueMap": {
                "1614366349.0": 626.1218
            },
            "tagConfiguration": {}
        },
        {
            "tagName": "XI_23072_01_MR.STDEV",
            "dataScienceTagName": "null",
            "timeStampsToValueMap": {
                "1614366349.0": 941.8661
            },
            "tagConfiguration": {}
        },
        {
            "tagName": "XI_23057_01_MR.STDEV",
            "dataScienceTagName": "null",
            "timeStampsToValueMap": {
                "1614366349.0": 5861.53
            },
            "tagConfiguration": {}
        },
        {
            "tagName": "XI_23069_01_MR.STDEV",
            "dataScienceTagName": "null",
            "timeStampsToValueMap": {
                "1614366349.0": 324.9416
            },
            "tagConfiguration": {}
        },
        {
            "tagName": "XI_23060_01_MR.STDEV",
            "dataScienceTagName": "null",
            "timeStampsToValueMap": {
                "1614366349.0": 157.9666
            },
            "tagConfiguration": {}
        },
        {
            "tagName": "XI_23061_01_MR.STDEV",
            "dataScienceTagName": "null",
            "timeStampsToValueMap": {
                "1614366349.0": 165.3413
            },
            "tagConfiguration": {}
        },
        {
            "tagName": "XI_23075_01_MR.STDEV",
            "dataScienceTagName": "null",
            "timeStampsToValueMap": {
                "1614366349.0": 371.4008
            },
            "tagConfiguration": {}
        },
        {
            "tagName": "XI_23076_01_MR.STDEV",
            "dataScienceTagName": "null",
            "timeStampsToValueMap": {
                "1614366349.0": 362.7202
            },
            "tagConfiguration": {}
        },
        {
            "tagName": "XI_23077_01_MR.STDEV",
            "dataScienceTagName": "null",
            "timeStampsToValueMap": {
                "1614366349.0": 371.7105
            },
            "tagConfiguration": {}
        },
        {
            "tagName": "XI_23078_01_MR.STDEV",
            "dataScienceTagName": "null",
            "timeStampsToValueMap": {
                "1614366349.0": 1198.734
            },
            "tagConfiguration": {}
        },
        {
            "tagName": "XI_23082_01_MR.STDEV",
            "dataScienceTagName": "null",
            "timeStampsToValueMap": {
                "1614366349.0": 831.6158
            },
            "tagConfiguration": {}
        },
        {
            "tagName": "XI_23083_01_MR.STDEV",
            "dataScienceTagName": "null",
            "timeStampsToValueMap": {
                "1614366349.0": 593.8312
            },
            "tagConfiguration": {}
        },
        {
            "tagName": "XI_23084_01_MR.STDEV",
            "dataScienceTagName": "null",
            "timeStampsToValueMap": {
                "1614366349.0": 760.546
            },
            "tagConfiguration": {}
        },
        {
            "tagName": "XI_23085_01_MR.STDEV",
            "dataScienceTagName": "null",
            "timeStampsToValueMap": {
                "1614366349.0": 2319.811
            },
            "tagConfiguration": {}
        },
        {
            "tagName": "XI_23314_01_MR.STDEV",
            "dataScienceTagName": "null",
            "timeStampsToValueMap": {
                "1614366349.0": 33.51386
            },
            "tagConfiguration": {}
        },
        {
            "tagName": "XI_23274_01_MR.STDEV",
            "dataScienceTagName": "null",
            "timeStampsToValueMap": {
                "1614366349.0": 18.98967
            },
            "tagConfiguration": {}
        },
        {
            "tagName": "XI_23146_01_MR.STDEV",
            "dataScienceTagName": "null",
            "timeStampsToValueMap": {
                "1614366349.0": 1193.498
            },
            "tagConfiguration": {}
        },
        {
            "tagName": "XI_23133_01_MR.STDEV",
            "dataScienceTagName": "null",
            "timeStampsToValueMap": {
                "1614366349.0": 2035.687
            },
            "tagConfiguration": {}
        },
        {
            "tagName": "XI_23136_01_MR.STDEV",
            "dataScienceTagName": "null",
            "timeStampsToValueMap": {
                "1614366349.0": 1314.963
            },
            "tagConfiguration": {}
        },
        {
            "tagName": "XI_23149_01_MR.STDEV",
            "dataScienceTagName": "null",
            "timeStampsToValueMap": {
                "1614366349.0": 2037.723
            },
            "tagConfiguration": {}
        },
        {
            "tagName": "XI_23152_01_MR.STDEV",
            "dataScienceTagName": "null",
            "timeStampsToValueMap": {
                "1614366349.0": 4574.832
            },
            "tagConfiguration": {}
        },
        {
            "tagName": "XI_23154_01_MR.STDEV",
            "dataScienceTagName": "null",
            "timeStampsToValueMap": {
                "1614366349.0": 52.17741
            },
            "tagConfiguration": {}
        },
        {
            "tagName": "XI_23177_01_MR.STDEV",
            "dataScienceTagName": "null",
            "timeStampsToValueMap": {
                "1614366349.0": 0.0
            },
            "tagConfiguration": {}
        },
        {
            "tagName": "XI_23167_01_MR.STDEV",
            "dataScienceTagName": "null",
            "timeStampsToValueMap": {
                "1614366349.0": 1629.501
            },
            "tagConfiguration": {}
        },
        {
            "tagName": "XI_23169_01_MR.STDEV",
            "dataScienceTagName": "null",
            "timeStampsToValueMap": {
                "1614366349.0": 3113.003
            },
            "tagConfiguration": {}
        },
        {
            "tagName": "XI_23182_01_MR.STDEV",
            "dataScienceTagName": "null",
            "timeStampsToValueMap": {
                "1614366349.0": 0.0
            },
            "tagConfiguration": {}
        },
        {
            "tagName": "XI_23192_01_MR.STDEV",
            "dataScienceTagName": "null",
            "timeStampsToValueMap": {
                "1614366349.0": 1823.253
            },
            "tagConfiguration": {}
        },
        {
            "tagName": "XI_23203_01_MR.STDEV",
            "dataScienceTagName": "null",
            "timeStampsToValueMap": {
                "1614366349.0": 158.6049
            },
            "tagConfiguration": {}
        }
    ],
    "OutputDataList": [
        {
            "tagName": "XI_23005_01_MR.CL_ECPR",
            "dataScienceTagName": "null",
            "outputConfiguration": "null"
        },
        {
            "tagName": "XI_23014_01_MR.CL_ECPR",
            "dataScienceTagName": "null",
            "outputConfiguration": "null"
        },
        {
            "tagName": "XI_23015_01_MR.CL_ECPR",
            "dataScienceTagName": "null",
            "outputConfiguration": "null"
        },
        {
            "tagName": "XI_23032_01_MR.CL_ECPR",
            "dataScienceTagName": "null",
            "outputConfiguration": "null"
        },
        {
            "tagName": "XI_23024_01_MR.CL_ECPR",
            "dataScienceTagName": "null",
            "outputConfiguration": "null"
        },
        {
            "tagName": "XI_23026_01_MR.CL_ECPR",
            "dataScienceTagName": "null",
            "outputConfiguration": "null"
        },
        {
            "tagName": "XI_23029_01_MR.CL_ECPR",
            "dataScienceTagName": "null",
            "outputConfiguration": "null"
        },
        {
            "tagName": "XI_23049_01_MR.CL_ECPR",
            "dataScienceTagName": "null",
            "outputConfiguration": "null"
        },
        {
            "tagName": "XI_23050_01_MR.CL_ECPR",
            "dataScienceTagName": "null",
            "outputConfiguration": "null"
        },
        {
            "tagName": "XI_23293_01_MR.CL_ECPR",
            "dataScienceTagName": "null",
            "outputConfiguration": "null"
        },
        {
            "tagName": "XI_23071_01_MR.CL_ECPR",
            "dataScienceTagName": "null",
            "outputConfiguration": "null"
        },
        {
            "tagName": "XI_23072_01_MR.CL_ECPR",
            "dataScienceTagName": "null",
            "outputConfiguration": "null"
        },
        {
            "tagName": "XI_23057_01_MR.CL_ECPR",
            "dataScienceTagName": "null",
            "outputConfiguration": "null"
        },
        {
            "tagName": "XI_23069_01_MR.CL_ECPR",
            "dataScienceTagName": "null",
            "outputConfiguration": "null"
        },
        {
            "tagName": "XI_23060_01_MR.CL_ECPR",
            "dataScienceTagName": "null",
            "outputConfiguration": "null"
        },
        {
            "tagName": "XI_23061_01_MR.CL_ECPR",
            "dataScienceTagName": "null",
            "outputConfiguration": "null"
        },
        {
            "tagName": "XI_23075_01_MR.CL_ECPR",
            "dataScienceTagName": "null",
            "outputConfiguration": "null"
        },
        {
            "tagName": "XI_23076_01_MR.CL_ECPR",
            "dataScienceTagName": "null",
            "outputConfiguration": "null"
        },
        {
            "tagName": "XI_23077_01_MR.CL_ECPR",
            "dataScienceTagName": "null",
            "outputConfiguration": "null"
        },
        {
            "tagName": "XI_23078_01_MR.CL_ECPR",
            "dataScienceTagName": "null",
            "outputConfiguration": "null"
        },
        {
            "tagName": "XI_23082_01_MR.CL_ECPR",
            "dataScienceTagName": "null",
            "outputConfiguration": "null"
        },
        {
            "tagName": "XI_23083_01_MR.CL_ECPR",
            "dataScienceTagName": "null",
            "outputConfiguration": "null"
        },
        {
            "tagName": "XI_23084_01_MR.CL_ECPR",
            "dataScienceTagName": "null",
            "outputConfiguration": "null"
        },
        {
            "tagName": "XI_23085_01_MR.CL_ECPR",
            "dataScienceTagName": "null",
            "outputConfiguration": "null"
        },
        {
            "tagName": "XI_23314_01_MR.CL_ECPR",
            "dataScienceTagName": "null",
            "outputConfiguration": "null"
        },
        {
            "tagName": "XI_23274_01_MR.CL_ECPR",
            "dataScienceTagName": "null",
            "outputConfiguration": "null"
        },
        {
            "tagName": "XI_23146_01_MR.CL_ECPR",
            "dataScienceTagName": "null",
            "outputConfiguration": "null"
        },
        {
            "tagName": "XI_23133_01_MR.CL_ECPR",
            "dataScienceTagName": "null",
            "outputConfiguration": "null"
        },
        {
            "tagName": "XI_23136_01_MR.CL_ECPR",
            "dataScienceTagName": "null",
            "outputConfiguration": "null"
        },
        {
            "tagName": "XI_23149_01_MR.CL_ECPR",
            "dataScienceTagName": "null",
            "outputConfiguration": "null"
        },
        {
            "tagName": "XI_23152_01_MR.CL_ECPR",
            "dataScienceTagName": "null",
            "outputConfiguration": "null"
        },
        {
            "tagName": "XI_23154_01_MR.CL_ECPR",
            "dataScienceTagName": "null",
            "outputConfiguration": "null"
        },
        {
            "tagName": "XI_23177_01_MR.CL_ECPR",
            "dataScienceTagName": "null",
            "outputConfiguration": "null"
        },
        {
            "tagName": "XI_23167_01_MR.CL_ECPR",
            "dataScienceTagName": "null",
            "outputConfiguration": "null"
        },
        {
            "tagName": "XI_23169_01_MR.CL_ECPR",
            "dataScienceTagName": "null",
            "outputConfiguration": "null"
        },
        {
            "tagName": "XI_23182_01_MR.CL_ECPR",
            "dataScienceTagName": "null",
            "outputConfiguration": "null"
        },
        {
            "tagName": "XI_23192_01_MR.CL_ECPR",
            "dataScienceTagName": "null",
            "outputConfiguration": "null"
        },
        {
            "tagName": "XI_23203_01_MR.CL_ECPR",
            "dataScienceTagName": "null",
            "outputConfiguration": "null"
        },
        {
            "tagName": "XI_23005_01_MR.PV_AG",
            "dataScienceTagName": "null",
            "outputConfiguration": "null"
        },
        {
            "tagName": "XI_23014_01_MR.PV_AG",
            "dataScienceTagName": "null",
            "outputConfiguration": "null"
        },
        {
            "tagName": "XI_23015_01_MR.PV_AG",
            "dataScienceTagName": "null",
            "outputConfiguration": "null"
        },
        {
            "tagName": "XI_23032_01_MR.PV_AG",
            "dataScienceTagName": "null",
            "outputConfiguration": "null"
        },
        {
            "tagName": "XI_23024_01_MR.PV_AG",
            "dataScienceTagName": "null",
            "outputConfiguration": "null"
        },
        {
            "tagName": "XI_23026_01_MR.PV_AG",
            "dataScienceTagName": "null",
            "outputConfiguration": "null"
        },
        {
            "tagName": "XI_23029_01_MR.PV_AG",
            "dataScienceTagName": "null",
            "outputConfiguration": "null"
        },
        {
            "tagName": "XI_23049_01_MR.PV_AG",
            "dataScienceTagName": "null",
            "outputConfiguration": "null"
        },
        {
            "tagName": "XI_23050_01_MR.PV_AG",
            "dataScienceTagName": "null",
            "outputConfiguration": "null"
        },
        {
            "tagName": "XI_23293_01_MR.PV_AG",
            "dataScienceTagName": "null",
            "outputConfiguration": "null"
        },
        {
            "tagName": "XI_23071_01_MR.PV_AG",
            "dataScienceTagName": "null",
            "outputConfiguration": "null"
        },
        {
            "tagName": "XI_23072_01_MR.PV_AG",
            "dataScienceTagName": "null",
            "outputConfiguration": "null"
        },
        {
            "tagName": "XI_23057_01_MR.PV_AG",
            "dataScienceTagName": "null",
            "outputConfiguration": "null"
        },
        {
            "tagName": "XI_23069_01_MR.PV_AG",
            "dataScienceTagName": "null",
            "outputConfiguration": "null"
        },
        {
            "tagName": "XI_23060_01_MR.PV_AG",
            "dataScienceTagName": "null",
            "outputConfiguration": "null"
        },
        {
            "tagName": "XI_23061_01_MR.PV_AG",
            "dataScienceTagName": "null",
            "outputConfiguration": "null"
        },
        {
            "tagName": "XI_23075_01_MR.PV_AG",
            "dataScienceTagName": "null",
            "outputConfiguration": "null"
        },
        {
            "tagName": "XI_23076_01_MR.PV_AG",
            "dataScienceTagName": "null",
            "outputConfiguration": "null"
        },
        {
            "tagName": "XI_23077_01_MR.PV_AG",
            "dataScienceTagName": "null",
            "outputConfiguration": "null"
        },
        {
            "tagName": "XI_23078_01_MR.PV_AG",
            "dataScienceTagName": "null",
            "outputConfiguration": "null"
        },
        {
            "tagName": "XI_23082_01_MR.PV_AG",
            "dataScienceTagName": "null",
            "outputConfiguration": "null"
        },
        {
            "tagName": "XI_23083_01_MR.PV_AG",
            "dataScienceTagName": "null",
            "outputConfiguration": "null"
        },
        {
            "tagName": "XI_23084_01_MR.PV_AG",
            "dataScienceTagName": "null",
            "outputConfiguration": "null"
        },
        {
            "tagName": "XI_23085_01_MR.PV_AG",
            "dataScienceTagName": "null",
            "outputConfiguration": "null"
        },
        {
            "tagName": "XI_23314_01_MR.PV_AG",
            "dataScienceTagName": "null",
            "outputConfiguration": "null"
        },
        {
            "tagName": "XI_23274_01_MR.PV_AG",
            "dataScienceTagName": "null",
            "outputConfiguration": "null"
        },
        {
            "tagName": "XI_23146_01_MR.PV_AG",
            "dataScienceTagName": "null",
            "outputConfiguration": "null"
        },
        {
            "tagName": "XI_23133_01_MR.PV_AG",
            "dataScienceTagName": "null",
            "outputConfiguration": "null"
        },
        {
            "tagName": "XI_23136_01_MR.PV_AG",
            "dataScienceTagName": "null",
            "outputConfiguration": "null"
        },
        {
            "tagName": "XI_23149_01_MR.PV_AG",
            "dataScienceTagName": "null",
            "outputConfiguration": "null"
        },
        {
            "tagName": "XI_23152_01_MR.PV_AG",
            "dataScienceTagName": "null",
            "outputConfiguration": "null"
        },
        {
            "tagName": "XI_23154_01_MR.PV_AG",
            "dataScienceTagName": "null",
            "outputConfiguration": "null"
        },
        {
            "tagName": "XI_23177_01_MR.PV_AG",
            "dataScienceTagName": "null",
            "outputConfiguration": "null"
        },
        {
            "tagName": "XI_23167_01_MR.PV_AG",
            "dataScienceTagName": "null",
            "outputConfiguration": "null"
        },
        {
            "tagName": "XI_23169_01_MR.PV_AG",
            "dataScienceTagName": "null",
            "outputConfiguration": "null"
        },
        {
            "tagName": "XI_23182_01_MR.PV_AG",
            "dataScienceTagName": "null",
            "outputConfiguration": "null"
        },
        {
            "tagName": "XI_23192_01_MR.PV_AG",
            "dataScienceTagName": "null",
            "outputConfiguration": "null"
        },
        {
            "tagName": "XI_23203_01_MR.PV_AG",
            "dataScienceTagName": "null",
            "outputConfiguration": "null"
        }
    ]
}