DISTRIBUTOR_ID,DISTRIBUTOR_ORG_TYPE,DISTRIBUTOR_NAME,DISTRIBUTOR_SHORT_NAME,LAST_UPDATE_USER,SOURCE_IDENTIFIER,COUNTRY_OF_ORIGIN,DISTRIBUTOR_ADDRESS
,,,,,,,
D1001,Electronics,mckesson,MKC,USER1,KK,US,D ADDR 1001
D1002,Medicines,Owens & Minor ,O&M,USER1,S1,US,D ADDR 1002
D1003,Electronics,Cardinal Health,CH,USER1,S1,US,D ADDR 1003
D0071,Medicines,Health Catalyst,HC,USER1,S1,US,D ADDR 0071
D0072,Electronics,Mishle Home Care,MHC,USER1,S1,US,D ADDR 0072
D0073,Automobiles,Yankee Alliance,YA,USER2,S2,US,D ADDR 0073
