DISTRIBUTOR_ID,DISTRIBUTOR_ORG_TYPE,DISTRIBUTOR_NAME,DISTRIBUTOR_SHORT_NAME,LAST_UPDATE_USER,SOURCE_IDENTIFIER,COUNTRY_OF_ORIGIN,DISTRIBUTOR_ADDRESS
,,,,,,,
D1001,Electronics,mckesson,MKC,USER1,KK,US,DST_ADDR1
D1002,Medicines,Owens & Minor ,O&M,USER1,S1,US,DST_ADDR2
D1003,Electronics,Cardinal Health,CH,USER1,S1,US,DST_ADDR3
D1004,Medicines,Mckesson India,MKC,USER1,S1,US,DST_ADDR4
D1005,Electronics,Owens & Minor India,O&M,USER1,S1,US,DST_ADDR5
D1006,Automobiles,Cardinal Health India,CHI,USER2,S2,US,DST_ADDR6
D1007,Automobiles,mckesson US,MKC,USER2,S2,US,DST_ADDR7
D1008,Automobiles,Owens & Minor US,O&M,USER2,S2,US,DST_ADDR8
D1009,Automobiles,Cardinal Health US,CHU,USER2,S2,US,DST_ADDR9
D1010,Automobiles,mckesson US,MKC,USER2,KK,US,DST_ADDR10
