GPO_ID,GPO_ORG_TYPE,GPO_NAME,GPO_SHORT_NAME,LAST_UPDATE_USER,SOURCE_IDENTIFIER,COUNTRY_OF_ORIGIN,GPO_ADDRESS
,,,,,,,
G1001,Hospital,GPO_NAME10,GPON10,USER,S1,US,GPO_ADDR1
G1002,Pharma,GPO_NAME11,GPON11,USER,S2,US,GPO_ADDR2
G1003,Electronics,GPO_NAME12,GPON12,USER,S3,US,GPO_ADDR3
G1004,Hospital,GPO_NAME13,GPON13,USER,S4,US,GPO_ADDR4
G1005,Pharma,GPO_NAME14,GPON14,USER,S5,US,GPO_ADDR5
G1006,Electronics,GPO_NAME15,GPON15,USER,S6,US,GPO_ADDR6
G1007,Hospital,GPO_NAME16,GPON16,USER,S7,US,GPO_ADDR7
G1008,Pharma,GPO_NAME17,GPON17,USER,S8,US,GPO_ADDR8
G1010,Electronics,GPO_NAME18,GPON18,USER,S9,US,GPO_ADDR9
