HOSPITAL_ID,HOSPITAL_TYPE,HOSPITAL_NAME,HOSPITAL_SHORT_NAME,LAST_UPDATE_USER,SOURCE_IDENTIFIER,COUNTRY_OF_ORIGIN,HOSPITAL_ADDRESS
H0071,Clinics,Embracing Care,EC,USER2,S-2,US,HADDR0071
H0072,Specialty Hospitals,Angelwalk Hospital,AWH,USER1,S-1,US,HADDR0072
H0073,Teaching Hospitals,Universal Body Clinic,UBC,USER0,S0,US,HADDR0073
H1004,Clinics,INDIAN RIVER MEMORIAL HOSPITAL,IRMH,USER1,S1,US,HADDR1004
H1005,Specialty Hospitals,MARTIN MEMORIAL MEDICAL CENTER,MMMC,USER1,S1,US,HADDR1005
H1006,Teaching Hospitals,JUPITER MEDICAL CENTER,JMC,USER1,S1,US,HADDR1006
