{
    "JobId": "d29ddf43-7df4-490b-96fc-99f41eacbb1c",
    "ModelId": "model-cps-hbwnarea01nap01-pareto1",
    "CalculationType": "GED_DR_MASS_TEST",
    "Configuration": {
        "EDGE1_NAME": "FED01EXH01",
        "EDGE2_NAME": "FED02EXH01",
        "EDGE3_NAME": "EXH01MIX01",
        "EDGE4_NAME": "EXH01MIX01",
        "EDGE5_NAME": "MIX01VSL01",
        "EDGE6_NAME": "FED03VSL01",
        "EDGE7_NAME": "VSL01PRD01",
        "EDGE8_NAME": "VSL01EXH02",
        "EDGE9_NAME": "EXH02MIX02",
        "EDGE10_NAME": "EXH02MIX02",
        "EDGE11_NAME": "EXH02MIX02",
        "EDGE12_NAME": "MIX03COL01",
        "EDGE13_NAME": "COL01VSL02",
        "EDGE14_NAME": "VSL02COL01",
        "EDGE15_NAME": "VSL02PRD04",
        "EDGE16_NAME": "VSL02PRD03",
        "EDGE17_NAME": "VSL02PRD02",
        "EDGE18_NAME": "COL01EXH03",
        "EDGE19_NAME": "EXH03COL01",
        "EDGE20_NAME": "EXH03COL01",
        "EDGE21_NAME": "EXH03MIX04",
        "EDGE22_NAME": "MIX04COL01",
        "EDGE23_NAME": "MIX04COL01",
        "EDGE24_NAME": "MIX04COL01",
        "EDGE25_NAME": "MIX04COL02",
        "EDGE26_NAME": "FED07COL02",
        "EDGE27_NAME": "COL02VSL03",
        "EDGE28_NAME": "VSL03PRD08",
        "EDGE29_NAME": "VSL03PRD09",
        "EDGE30_NAME": "VSL03WAT01",
        "EDGE31_NAME": "WAT01BLK02",
        "EDGE32_NAME": "BLK02FED07",
        "EDGE33_NAME": "COL02PRD05",
        "EDGE34_NAME": "COL02PRD06",
        "EDGE35_NAME": "COL02PRD10",
        "EDGE36_NAME": "COL02MIX08",
        "EDGE37_NAME": "MIX08COL03",
        "EDGE38_NAME": "COL03MIX09",
        "EDGE39_NAME": "MIX09MIX08",
        "EDGE40_NAME": "MIX09PRD11",
        "EDGE41_NAME": "COL03PRD15",
        "EDGE42_NAME": "COL03PRD12",
        "EDGE43_NAME": "COL03PRD13",
        "EDGE44_NAME": "COL03EXH09",
        "EDGE45_NAME": "COL03EXH09",
        "EDGE46_NAME": "EXH09COL03",
        "EDGE47_NAME": "EXH09PRD14",
        "EDGE48_NAME": "PRD01BLK01",
        "EDGE49_NAME": "BLK01FED02",
        "EDGE50_NAME": "PRD03BLK01",
        "EDGE51_NAME": "BLK01FED03",
        "EDGE52_NAME": "FED08MIX03",
        "EDGE53_NAME": "FED09MIX03",
        "EDGE54_NAME": "MIX02MIX03",
        "EDGE1_ASSET": "",
        "EDGE2_ASSET": "",
        "EDGE3_ASSET": "XI_23014_01_MR",
        "EDGE4_ASSET": "XI_23015_01_MR",
        "EDGE5_ASSET": "",
        "EDGE6_ASSET": "XI_23032_01_MR",
        "EDGE7_ASSET": "PRD01_01_MR",
        "EDGE8_ASSET": "",
        "EDGE9_ASSET": "XI_23024_01_MR",
        "EDGE10_ASSET": "XI_23026_01_MR",
        "EDGE11_ASSET": "",
        "EDGE12_ASSET": "",
        "EDGE13_ASSET": "",
        "EDGE14_ASSET": "XI_23049_01_MR",
        "EDGE15_ASSET": "XI_23050_01_MR",
        "EDGE16_ASSET": "XI_23327_01_MR",
        "EDGE17_ASSET": "XI_23293_01_MR",
        "EDGE18_ASSET": "",
        "EDGE19_ASSET": "XI_23071_01_MR",
        "EDGE20_ASSET": "XI_23072_01_MR",
        "EDGE21_ASSET": "XI_23057_01_MR",
        "EDGE22_ASSET": "XI_23069_01_MR",
        "EDGE23_ASSET": "XI_23060_01_MR",
        "EDGE24_ASSET": "XI_23061_01_MR",
        "EDGE25_ASSET": "",
        "EDGE26_ASSET": "XI_23314_01_MR",
        "EDGE27_ASSET": "",
        "EDGE28_ASSET": "XI_23274_01_MR",
        "EDGE29_ASSET": "XI_23146_01_MR",
        "EDGE30_ASSET": "",
        "EDGE31_ASSET": "",
        "EDGE32_ASSET": "",
        "EDGE33_ASSET": "XI_23133_01_MR",
        "EDGE34_ASSET": "XI_23136_01_MR",
        "EDGE35_ASSET": "XI_23149_01_MR",
        "EDGE36_ASSET": "",
        "EDGE37_ASSET": "XI_23152_01_MR",
        "EDGE38_ASSET": "",
        "EDGE39_ASSET": "XI_23154_01_MR",
        "EDGE40_ASSET": "XI_23177_01_MR",
        "EDGE41_ASSET": "XI_23295_01_MR",
        "EDGE42_ASSET": "XI_23167_01_MR",
        "EDGE43_ASSET": "XI_23169_01_MR",
        "EDGE44_ASSET": "XI_23182_01_MR",
        "EDGE45_ASSET": "XI_23192_01_MR",
        "EDGE46_ASSET": "",
        "EDGE47_ASSET": "XI_23238_01_MR",
        "EDGE48_ASSET": "",
        "EDGE49_ASSET": "",
        "EDGE50_ASSET": "",
        "EDGE51_ASSET": "",
        "EDGE52_ASSET": "XI_23701_01_MRN",
        "EDGE53_ASSET": "XI_23702_01_MR",
        "EDGE54_ASSET": "",
        "CONFIG_FILE": "TestConfiguration",
        "REACTION_INDICATOR": "0",
        "TERMINAL_INDICATOR": "1",
        "INTERVAL": "30",
        "TOTAL_COMPONENTS": "0",
        "MODEL_SERVICE_TOKEN": "<Token>",
        "UNIT_STEADY_STATE_TAG": "U0300_01.SSD1_ST",
        "UNIT_STEADY_STATE_REQUIREMENT": "0.5",
        "INTERUNIT_INDICATOR": "0",
        "MODEL_SERVICE_ENDPOINT": "<URL>",
        "SAMPLE_DATA_FREQUENCY": "100",
        "COMPONENT_INDICATOR": "0",
        "DELAY": "150"
    },
    "InputDataList": [
        {
            "tagName": "XI_23014_01_MR.PV_RW",
            "dataScienceTagName": "null",
            "timeStampsToValueMap": {
                "1631519115.0": 325.4964
            },
            "tagConfiguration": {}
        },
        {
            "tagName": "XI_23014_01_MR.STDEV",
            "dataScienceTagName": "null",
            "timeStampsToValueMap": {
                "1631519115.0": 2.171115
            },
            "tagConfiguration": {}
        },
        {
            "tagName": "XI_23015_01_MR.PV_RW",
            "dataScienceTagName": "null",
            "timeStampsToValueMap": {
                "1631519115.0": 343.4766
            },
            "tagConfiguration": {}
        },
        {
            "tagName": "XI_23015_01_MR.STDEV",
            "dataScienceTagName": "null",
            "timeStampsToValueMap": {
                "1631519115.0": 1.324406
            },
            "tagConfiguration": {}
        },
        {
            "tagName": "XI_23032_01_MR.PV_RW",
            "dataScienceTagName": "null",
            "timeStampsToValueMap": {
                "1631519115.0": 60.08636
            },
            "tagConfiguration": {}
        },
        {
            "tagName": "XI_23032_01_MR.STDEV",
            "dataScienceTagName": "null",
            "timeStampsToValueMap": {
                "1631519115.0": 0.2258579
            },
            "tagConfiguration": {}
        },
        {
            "tagName": "PRD01_01_MR.PV_RW",
            "dataScienceTagName": "null",
            "timeStampsToValueMap": {
                "1631519115.0": 62.80267
            },
            "tagConfiguration": {}
        },
        {
            "tagName": "PRD01_01_MR.STDEV",
            "dataScienceTagName": "null",
            "timeStampsToValueMap": {
                "1631519115.0": 0.01
            },
            "tagConfiguration": {}
        },
        {
            "tagName": "XI_23024_01_MR.PV_RW",
            "dataScienceTagName": "null",
            "timeStampsToValueMap": {
                "1631519115.0": 201.4157
            },
            "tagConfiguration": {}
        },
        {
            "tagName": "XI_23024_01_MR.STDEV",
            "dataScienceTagName": "null",
            "timeStampsToValueMap": {
                "1631519115.0": 0.9216573
            },
            "tagConfiguration": {}
        },
        {
            "tagName": "XI_23026_01_MR.PV_RW",
            "dataScienceTagName": "null",
            "timeStampsToValueMap": {
                "1631519115.0": 251.821
            },
            "tagConfiguration": {}
        },
        {
            "tagName": "XI_23026_01_MR.STDEV",
            "dataScienceTagName": "null",
            "timeStampsToValueMap": {
                "1631519115.0": 2.963477
            },
            "tagConfiguration": {}
        },
        {
            "tagName": "XI_23049_01_MR.PV_RW",
            "dataScienceTagName": "null",
            "timeStampsToValueMap": {
                "1631519115.0": 11.45962
            },
            "tagConfiguration": {}
        },
        {
            "tagName": "XI_23049_01_MR.STDEV",
            "dataScienceTagName": "null",
            "timeStampsToValueMap": {
                "1631519115.0": 0.533788
            },
            "tagConfiguration": {}
        },
        {
            "tagName": "XI_23050_01_MR.PV_RW",
            "dataScienceTagName": "null",
            "timeStampsToValueMap": {
                "1631519115.0": 65.49668
            },
            "tagConfiguration": {}
        },
        {
            "tagName": "XI_23050_01_MR.STDEV",
            "dataScienceTagName": "null",
            "timeStampsToValueMap": {
                "1631519115.0": 0.3530563
            },
            "tagConfiguration": {}
        },
        {
            "tagName": "XI_23327_01_MR.PV_RW",
            "dataScienceTagName": "null",
            "timeStampsToValueMap": {
                "1631519115.0": 0.0
            },
            "tagConfiguration": {}
        },
        {
            "tagName": "XI_23327_01_MR.STDEV",
            "dataScienceTagName": "null",
            "timeStampsToValueMap": {
                "1631519115.0": 0.0
            },
            "tagConfiguration": {}
        },
        {
            "tagName": "XI_23293_01_MR.PV_RW",
            "dataScienceTagName": "null",
            "timeStampsToValueMap": {
                "1631519115.0": 3.802562
            },
            "tagConfiguration": {}
        },
        {
            "tagName": "XI_23293_01_MR.STDEV",
            "dataScienceTagName": "null",
            "timeStampsToValueMap": {
                "1631519115.0": 0.2534925
            },
            "tagConfiguration": {}
        },
        {
            "tagName": "XI_23071_01_MR.PV_RW",
            "dataScienceTagName": "null",
            "timeStampsToValueMap": {
                "1631519115.0": 85.20584
            },
            "tagConfiguration": {}
        },
        {
            "tagName": "XI_23071_01_MR.STDEV",
            "dataScienceTagName": "null",
            "timeStampsToValueMap": {
                "1631519115.0": 0.4803638
            },
            "tagConfiguration": {}
        },
        {
            "tagName": "XI_23072_01_MR.PV_RW",
            "dataScienceTagName": "null",
            "timeStampsToValueMap": {
                "1631519115.0": 79.33632
            },
            "tagConfiguration": {}
        },
        {
            "tagName": "XI_23072_01_MR.STDEV",
            "dataScienceTagName": "null",
            "timeStampsToValueMap": {
                "1631519115.0": 0.4036162
            },
            "tagConfiguration": {}
        },
        {
            "tagName": "XI_23057_01_MR.PV_RW",
            "dataScienceTagName": "null",
            "timeStampsToValueMap": {
                "1631519115.0": 746.3964
            },
            "tagConfiguration": {}
        },
        {
            "tagName": "XI_23057_01_MR.STDEV",
            "dataScienceTagName": "null",
            "timeStampsToValueMap": {
                "1631519115.0": 5.576815
            },
            "tagConfiguration": {}
        },
        {
            "tagName": "XI_23069_01_MR.PV_RW",
            "dataScienceTagName": "null",
            "timeStampsToValueMap": {
                "1631519115.0": 62.46571
            },
            "tagConfiguration": {}
        },
        {
            "tagName": "XI_23069_01_MR.STDEV",
            "dataScienceTagName": "null",
            "timeStampsToValueMap": {
                "1631519115.0": 0.08206175
            },
            "tagConfiguration": {}
        },
        {
            "tagName": "XI_23060_01_MR.PV_RW",
            "dataScienceTagName": "null",
            "timeStampsToValueMap": {
                "1631519115.0": 55.38758
            },
            "tagConfiguration": {}
        },
        {
            "tagName": "XI_23060_01_MR.STDEV",
            "dataScienceTagName": "null",
            "timeStampsToValueMap": {
                "1631519115.0": 0.1123237
            },
            "tagConfiguration": {}
        },
        {
            "tagName": "XI_23061_01_MR.PV_RW",
            "dataScienceTagName": "null",
            "timeStampsToValueMap": {
                "1631519115.0": 27.78116
            },
            "tagConfiguration": {}
        },
        {
            "tagName": "XI_23061_01_MR.STDEV",
            "dataScienceTagName": "null",
            "timeStampsToValueMap": {
                "1631519115.0": 0.1457159
            },
            "tagConfiguration": {}
        },
        {
            "tagName": "XI_23314_01_MR.PV_RW",
            "dataScienceTagName": "null",
            "timeStampsToValueMap": {
                "1631519115.0": 2.481636
            },
            "tagConfiguration": {}
        },
        {
            "tagName": "XI_23314_01_MR.STDEV",
            "dataScienceTagName": "null",
            "timeStampsToValueMap": {
                "1631519115.0": 0.003102515
            },
            "tagConfiguration": {}
        },
        {
            "tagName": "XI_23274_01_MR.PV_RW",
            "dataScienceTagName": "null",
            "timeStampsToValueMap": {
                "1631519115.0": 0.1455319
            },
            "tagConfiguration": {}
        },
        {
            "tagName": "XI_23274_01_MR.STDEV",
            "dataScienceTagName": "null",
            "timeStampsToValueMap": {
                "1631519115.0": 0.004299311
            },
            "tagConfiguration": {}
        },
        {
            "tagName": "XI_23146_01_MR.PV_RW",
            "dataScienceTagName": "null",
            "timeStampsToValueMap": {
                "1631519115.0": 53.84327
            },
            "tagConfiguration": {}
        },
        {
            "tagName": "XI_23146_01_MR.STDEV",
            "dataScienceTagName": "null",
            "timeStampsToValueMap": {
                "1631519115.0": 0.7830572
            },
            "tagConfiguration": {}
        },
        {
            "tagName": "XI_23133_01_MR.PV_RW",
            "dataScienceTagName": "null",
            "timeStampsToValueMap": {
                "1631519115.0": 128.8363
            },
            "tagConfiguration": {}
        },
        {
            "tagName": "XI_23133_01_MR.STDEV",
            "dataScienceTagName": "null",
            "timeStampsToValueMap": {
                "1631519115.0": 1.383559
            },
            "tagConfiguration": {}
        },
        {
            "tagName": "XI_23136_01_MR.PV_RW",
            "dataScienceTagName": "null",
            "timeStampsToValueMap": {
                "1631519115.0": 57.93221
            },
            "tagConfiguration": {}
        },
        {
            "tagName": "XI_23136_01_MR.STDEV",
            "dataScienceTagName": "null",
            "timeStampsToValueMap": {
                "1631519115.0": 0.1555336
            },
            "tagConfiguration": {}
        },
        {
            "tagName": "XI_23149_01_MR.PV_RW",
            "dataScienceTagName": "null",
            "timeStampsToValueMap": {
                "1631519115.0": 117.6617
            },
            "tagConfiguration": {}
        },
        {
            "tagName": "XI_23149_01_MR.STDEV",
            "dataScienceTagName": "null",
            "timeStampsToValueMap": {
                "1631519115.0": 0.1460113
            },
            "tagConfiguration": {}
        },
        {
            "tagName": "XI_23152_01_MR.PV_RW",
            "dataScienceTagName": "null",
            "timeStampsToValueMap": {
                "1631519115.0": 243.6292
            },
            "tagConfiguration": {}
        },
        {
            "tagName": "XI_23152_01_MR.STDEV",
            "dataScienceTagName": "null",
            "timeStampsToValueMap": {
                "1631519115.0": 2.74004
            },
            "tagConfiguration": {}
        },
        {
            "tagName": "XI_23154_01_MR.PV_RW",
            "dataScienceTagName": "null",
            "timeStampsToValueMap": {
                "1631519115.0": 0.0
            },
            "tagConfiguration": {}
        },
        {
            "tagName": "XI_23154_01_MR.STDEV",
            "dataScienceTagName": "null",
            "timeStampsToValueMap": {
                "1631519115.0": 0.0
            },
            "tagConfiguration": {}
        },
        {
            "tagName": "XI_23177_01_MR.PV_RW",
            "dataScienceTagName": "null",
            "timeStampsToValueMap": {
                "1631519115.0": 4.190084
            },
            "tagConfiguration": {}
        },
        {
            "tagName": "XI_23177_01_MR.STDEV",
            "dataScienceTagName": "null",
            "timeStampsToValueMap": {
                "1631519115.0": 0.08606569
            },
            "tagConfiguration": {}
        },
        {
            "tagName": "XI_23295_01_MR.PV_RW",
            "dataScienceTagName": "null",
            "timeStampsToValueMap": {
                "1631519115.0": 0.0
            },
            "tagConfiguration": {}
        },
        {
            "tagName": "XI_23295_01_MR.STDEV",
            "dataScienceTagName": "null",
            "timeStampsToValueMap": {
                "1631519115.0": 0.0
            },
            "tagConfiguration": {}
        },
        {
            "tagName": "XI_23167_01_MR.PV_RW",
            "dataScienceTagName": "null",
            "timeStampsToValueMap": {
                "1631519115.0": 155.8426
            },
            "tagConfiguration": {}
        },
        {
            "tagName": "XI_23167_01_MR.STDEV",
            "dataScienceTagName": "null",
            "timeStampsToValueMap": {
                "1631519115.0": 1.075296
            },
            "tagConfiguration": {}
        },
        {
            "tagName": "XI_23169_01_MR.PV_RW",
            "dataScienceTagName": "null",
            "timeStampsToValueMap": {
                "1631519115.0": 55.81684
            },
            "tagConfiguration": {}
        },
        {
            "tagName": "XI_23169_01_MR.STDEV",
            "dataScienceTagName": "null",
            "timeStampsToValueMap": {
                "1631519115.0": 0.6069152
            },
            "tagConfiguration": {}
        },
        {
            "tagName": "XI_23182_01_MR.PV_RW",
            "dataScienceTagName": "null",
            "timeStampsToValueMap": {
                "1631519115.0": 96.56991
            },
            "tagConfiguration": {}
        },
        {
            "tagName": "XI_23182_01_MR.STDEV",
            "dataScienceTagName": "null",
            "timeStampsToValueMap": {
                "1631519115.0": 0.7297403
            },
            "tagConfiguration": {}
        },
        {
            "tagName": "XI_23192_01_MR.PV_RW",
            "dataScienceTagName": "null",
            "timeStampsToValueMap": {
                "1631519115.0": 103.7501
            },
            "tagConfiguration": {}
        },
        {
            "tagName": "XI_23192_01_MR.STDEV",
            "dataScienceTagName": "null",
            "timeStampsToValueMap": {
                "1631519115.0": 3.007941
            },
            "tagConfiguration": {}
        },
        {
            "tagName": "XI_23238_01_MR.PV_RW",
            "dataScienceTagName": "null",
            "timeStampsToValueMap": {
                "1631519115.0": 49.49094
            },
            "tagConfiguration": {}
        },
        {
            "tagName": "XI_23238_01_MR.STDEV",
            "dataScienceTagName": "null",
            "timeStampsToValueMap": {
                "1631519115.0": 1.690281
            },
            "tagConfiguration": {}
        },
        {
            "tagName": "XI_23701_01_MRN.PV_RW",
            "dataScienceTagName": "null",
            "timeStampsToValueMap": {
                "1631519115.0": 44.09861
            },
            "tagConfiguration": {}
        },
        {
            "tagName": "XI_23701_01_MRN.STDEV",
            "dataScienceTagName": "null",
            "timeStampsToValueMap": {
                "1631519115.0": 1.95
            },
            "tagConfiguration": {}
        },
        {
            "tagName": "XI_23702_01_MR.PV_RW",
            "dataScienceTagName": "null",
            "timeStampsToValueMap": {
                "1631519115.0": 3.713572
            },
            "tagConfiguration": {}
        },
        {
            "tagName": "XI_23702_01_MR.STDEV",
            "dataScienceTagName": "null",
            "timeStampsToValueMap": {
                "1631519115.0": 0.1458122
            },
            "tagConfiguration": {}
        }
    ],
    "OutputDataList": [
        {
            "tagName": "XI_23005_01_MR.PV_AG",
            "dataScienceTagName": "null",
            "outputConfiguration": "null"
        },
        {
            "tagName": "XI_23209_01_MR.PV_AG",
            "dataScienceTagName": "null",
            "outputConfiguration": "null"
        },
        {
            "tagName": "XI_23014_01_MR.PV_AG",
            "dataScienceTagName": "null",
            "outputConfiguration": "null"
        },
        {
            "tagName": "XI_23015_01_MR.PV_AG",
            "dataScienceTagName": "null",
            "outputConfiguration": "null"
        },
        {
            "tagName": "XI_23331_01_MR.PV_AG",
            "dataScienceTagName": "null",
            "outputConfiguration": "null"
        },
        {
            "tagName": "XI_23032_01_MR.PV_AG",
            "dataScienceTagName": "null",
            "outputConfiguration": "null"
        },
        {
            "tagName": "XI_23263_01_MR.PV_AG",
            "dataScienceTagName": "null",
            "outputConfiguration": "null"
        },
        {
            "tagName": "XI_23023_01_MR.PV_AG",
            "dataScienceTagName": "null",
            "outputConfiguration": "null"
        },
        {
            "tagName": "XI_23024_01_MR.PV_AG",
            "dataScienceTagName": "null",
            "outputConfiguration": "null"
        },
        {
            "tagName": "XI_23026_01_MR.PV_AG",
            "dataScienceTagName": "null",
            "outputConfiguration": "null"
        },
        {
            "tagName": "XI_23029_01_MR.PV_AG",
            "dataScienceTagName": "null",
            "outputConfiguration": "null"
        },
        {
            "tagName": "XI_23043_01_MR.PV_AG",
            "dataScienceTagName": "null",
            "outputConfiguration": "null"
        },
        {
            "tagName": "XI_23044_01_MR.PV_AG",
            "dataScienceTagName": "null",
            "outputConfiguration": "null"
        },
        {
            "tagName": "XI_23049_01_MR.PV_AG",
            "dataScienceTagName": "null",
            "outputConfiguration": "null"
        },
        {
            "tagName": "XI_23050_01_MR.PV_AG",
            "dataScienceTagName": "null",
            "outputConfiguration": "null"
        },
        {
            "tagName": "XI_23327_01_MR.PV_AG",
            "dataScienceTagName": "null",
            "outputConfiguration": "null"
        },
        {
            "tagName": "XI_23293_01_MR.PV_AG",
            "dataScienceTagName": "null",
            "outputConfiguration": "null"
        },
        {
            "tagName": "XI_23055_01_MR.PV_AG",
            "dataScienceTagName": "null",
            "outputConfiguration": "null"
        },
        {
            "tagName": "XI_23071_01_MR.PV_AG",
            "dataScienceTagName": "null",
            "outputConfiguration": "null"
        },
        {
            "tagName": "XI_23072_01_MR.PV_AG",
            "dataScienceTagName": "null",
            "outputConfiguration": "null"
        },
        {
            "tagName": "XI_23057_01_MR.PV_AG",
            "dataScienceTagName": "null",
            "outputConfiguration": "null"
        },
        {
            "tagName": "XI_23069_01_MR.PV_AG",
            "dataScienceTagName": "null",
            "outputConfiguration": "null"
        },
        {
            "tagName": "XI_23060_01_MR.PV_AG",
            "dataScienceTagName": "null",
            "outputConfiguration": "null"
        },
        {
            "tagName": "XI_23061_01_MR.PV_AG",
            "dataScienceTagName": "null",
            "outputConfiguration": "null"
        },
        {
            "tagName": "XI_23093_01_MR.PV_AG",
            "dataScienceTagName": "null",
            "outputConfiguration": "null"
        },
        {
            "tagName": "XI_23314_01_MR.PV_AG",
            "dataScienceTagName": "null",
            "outputConfiguration": "null"
        },
        {
            "tagName": "XI_23140_01_MR.PV_AG",
            "dataScienceTagName": "null",
            "outputConfiguration": "null"
        },
        {
            "tagName": "XI_23274_01_MR.PV_AG",
            "dataScienceTagName": "null",
            "outputConfiguration": "null"
        },
        {
            "tagName": "XI_23146_01_MR.PV_AG",
            "dataScienceTagName": "null",
            "outputConfiguration": "null"
        },
        {
            "tagName": "XI_23280_01_MR.PV_AG",
            "dataScienceTagName": "null",
            "outputConfiguration": "null"
        },
        {
            "tagName": "XI_23280_01_MR.PV_AG",
            "dataScienceTagName": "null",
            "outputConfiguration": "null"
        },
        {
            "tagName": "XI_23280_01_MR.PV_AG",
            "dataScienceTagName": "null",
            "outputConfiguration": "null"
        },
        {
            "tagName": "XI_23133_01_MR.PV_AG",
            "dataScienceTagName": "null",
            "outputConfiguration": "null"
        },
        {
            "tagName": "XI_23136_01_MR.PV_AG",
            "dataScienceTagName": "null",
            "outputConfiguration": "null"
        },
        {
            "tagName": "XI_23149_01_MR.PV_AG",
            "dataScienceTagName": "null",
            "outputConfiguration": "null"
        },
        {
            "tagName": "XI_23324_01_MR.PV_AG",
            "dataScienceTagName": "null",
            "outputConfiguration": "null"
        },
        {
            "tagName": "XI_23152_01_MR.PV_AG",
            "dataScienceTagName": "null",
            "outputConfiguration": "null"
        },
        {
            "tagName": "XI_23178_01_MR.PV_AG",
            "dataScienceTagName": "null",
            "outputConfiguration": "null"
        },
        {
            "tagName": "XI_23154_01_MR.PV_AG",
            "dataScienceTagName": "null",
            "outputConfiguration": "null"
        },
        {
            "tagName": "XI_23177_01_MR.PV_AG",
            "dataScienceTagName": "null",
            "outputConfiguration": "null"
        },
        {
            "tagName": "XI_23295_01_MR.PV_AG",
            "dataScienceTagName": "null",
            "outputConfiguration": "null"
        },
        {
            "tagName": "XI_23167_01_MR.PV_AG",
            "dataScienceTagName": "null",
            "outputConfiguration": "null"
        },
        {
            "tagName": "XI_23169_01_MR.PV_AG",
            "dataScienceTagName": "null",
            "outputConfiguration": "null"
        },
        {
            "tagName": "XI_23182_01_MR.PV_AG",
            "dataScienceTagName": "null",
            "outputConfiguration": "null"
        },
        {
            "tagName": "XI_23192_01_MR.PV_AG",
            "dataScienceTagName": "null",
            "outputConfiguration": "null"
        },
        {
            "tagName": "XI_23203_01_MR.PV_AG",
            "dataScienceTagName": "null",
            "outputConfiguration": "null"
        },
        {
            "tagName": "XI_23238_01_MR.PV_AG",
            "dataScienceTagName": "null",
            "outputConfiguration": "null"
        },
        {
            "tagName": "XI_23263_01_MR.PV_AG",
            "dataScienceTagName": "null",
            "outputConfiguration": "null"
        },
        {
            "tagName": "XI_23209_01_MR.PV_AG",
            "dataScienceTagName": "null",
            "outputConfiguration": "null"
        },
        {
            "tagName": "XI_23327_01_MR.PV_AG",
            "dataScienceTagName": "null",
            "outputConfiguration": "null"
        },
        {
            "tagName": "XI_23032_01_MR.PV_AG",
            "dataScienceTagName": "null",
            "outputConfiguration": "null"
        },
        {
            "tagName": "XI_23701_01_MRN.PV_AG",
            "dataScienceTagName": "null",
            "outputConfiguration": "null"
        },
        {
            "tagName": "XI_23702_01_MR.PV_AG",
            "dataScienceTagName": "null",
            "outputConfiguration": "null"
        },
        {
            "tagName": "XI_23005_01_MR.CL_ECPR",
            "dataScienceTagName": "null",
            "outputConfiguration": "null"
        },
        {
            "tagName": "XI_23014_01_MR.CL_ECPR",
            "dataScienceTagName": "null",
            "outputConfiguration": "null"
        },
        {
            "tagName": "XI_23015_01_MR.CL_ECPR",
            "dataScienceTagName": "null",
            "outputConfiguration": "null"
        },
        {
            "tagName": "XI_23032_01_MR.CL_ECPR",
            "dataScienceTagName": "null",
            "outputConfiguration": "null"
        },
        {
            "tagName": "XI_23263_01_MR.CL_ECPR",
            "dataScienceTagName": "null",
            "outputConfiguration": "null"
        },
        {
            "tagName": "XI_23023_01_MR.CL_ECPR",
            "dataScienceTagName": "null",
            "outputConfiguration": "null"
        },
        {
            "tagName": "XI_23024_01_MR.CL_ECPR",
            "dataScienceTagName": "null",
            "outputConfiguration": "null"
        },
        {
            "tagName": "XI_23026_01_MR.CL_ECPR",
            "dataScienceTagName": "null",
            "outputConfiguration": "null"
        },
        {
            "tagName": "XI_23029_01_MR.CL_ECPR",
            "dataScienceTagName": "null",
            "outputConfiguration": "null"
        },
        {
            "tagName": "XI_23043_01_MR.CL_ECPR",
            "dataScienceTagName": "null",
            "outputConfiguration": "null"
        },
        {
            "tagName": "XI_23044_01_MR.CL_ECPR",
            "dataScienceTagName": "null",
            "outputConfiguration": "null"
        },
        {
            "tagName": "XI_23049_01_MR.CL_ECPR",
            "dataScienceTagName": "null",
            "outputConfiguration": "null"
        },
        {
            "tagName": "XI_23050_01_MR.CL_ECPR",
            "dataScienceTagName": "null",
            "outputConfiguration": "null"
        },
        {
            "tagName": "XI_23327_01_MR.CL_ECPR",
            "dataScienceTagName": "null",
            "outputConfiguration": "null"
        },
        {
            "tagName": "XI_23293_01_MR.CL_ECPR",
            "dataScienceTagName": "null",
            "outputConfiguration": "null"
        },
        {
            "tagName": "XI_23055_01_MR.CL_ECPR",
            "dataScienceTagName": "null",
            "outputConfiguration": "null"
        },
        {
            "tagName": "XI_23071_01_MR.CL_ECPR",
            "dataScienceTagName": "null",
            "outputConfiguration": "null"
        },
        {
            "tagName": "XI_23072_01_MR.CL_ECPR",
            "dataScienceTagName": "null",
            "outputConfiguration": "null"
        },
        {
            "tagName": "XI_23057_01_MR.CL_ECPR",
            "dataScienceTagName": "null",
            "outputConfiguration": "null"
        },
        {
            "tagName": "XI_23069_01_MR.CL_ECPR",
            "dataScienceTagName": "null",
            "outputConfiguration": "null"
        },
        {
            "tagName": "XI_23060_01_MR.CL_ECPR",
            "dataScienceTagName": "null",
            "outputConfiguration": "null"
        },
        {
            "tagName": "XI_23061_01_MR.CL_ECPR",
            "dataScienceTagName": "null",
            "outputConfiguration": "null"
        },
        {
            "tagName": "XI_23093_01_MR.CL_ECPR",
            "dataScienceTagName": "null",
            "outputConfiguration": "null"
        },
        {
            "tagName": "XI_23314_01_MR.CL_ECPR",
            "dataScienceTagName": "null",
            "outputConfiguration": "null"
        },
        {
            "tagName": "XI_23274_01_MR.CL_ECPR",
            "dataScienceTagName": "null",
            "outputConfiguration": "null"
        },
        {
            "tagName": "XI_23146_01_MR.CL_ECPR",
            "dataScienceTagName": "null",
            "outputConfiguration": "null"
        },
        {
            "tagName": "XI_23133_01_MR.CL_ECPR",
            "dataScienceTagName": "null",
            "outputConfiguration": "null"
        },
        {
            "tagName": "XI_23136_01_MR.CL_ECPR",
            "dataScienceTagName": "null",
            "outputConfiguration": "null"
        },
        {
            "tagName": "XI_23149_01_MR.CL_ECPR",
            "dataScienceTagName": "null",
            "outputConfiguration": "null"
        },
        {
            "tagName": "XI_23152_01_MR.CL_ECPR",
            "dataScienceTagName": "null",
            "outputConfiguration": "null"
        },
        {
            "tagName": "XI_23154_01_MR.CL_ECPR",
            "dataScienceTagName": "null",
            "outputConfiguration": "null"
        },
        {
            "tagName": "XI_23177_01_MR.CL_ECPR",
            "dataScienceTagName": "null",
            "outputConfiguration": "null"
        },
        {
            "tagName": "XI_23295_01_MR.CL_ECPR",
            "dataScienceTagName": "null",
            "outputConfiguration": "null"
        },
        {
            "tagName": "XI_23167_01_MR.CL_ECPR",
            "dataScienceTagName": "null",
            "outputConfiguration": "null"
        },
        {
            "tagName": "XI_23169_01_MR.CL_ECPR",
            "dataScienceTagName": "null",
            "outputConfiguration": "null"
        },
        {
            "tagName": "XI_23182_01_MR.CL_ECPR",
            "dataScienceTagName": "null",
            "outputConfiguration": "null"
        },
        {
            "tagName": "XI_23192_01_MR.CL_ECPR",
            "dataScienceTagName": "null",
            "outputConfiguration": "null"
        },
        {
            "tagName": "XI_23203_01_MR.CL_ECPR",
            "dataScienceTagName": "null",
            "outputConfiguration": "null"
        },
        {
            "tagName": "XI_23238_01_MR.CL_ECPR",
            "dataScienceTagName": "null",
            "outputConfiguration": "null"
        },
        {
            "tagName": "XI_23701_01_MRN.CL_ECPR",
            "dataScienceTagName": "null",
            "outputConfiguration": "null"
        },
        {
            "tagName": "XI_23702_01_MR.CL_ECPR",
            "dataScienceTagName": "null",
            "outputConfiguration": "null"
        }
    ]
}