{
    "JobId": "d29ddf43-7df4-490b-96fc-99f41eacbb1c",
    "ModelId": "model-cps-hbwnarea01nap01-pareto1",
    "CalculationType": "GED_DR_MASS_TEST",
    "TimeStamp": "1631519571000",
    "Configuration": {},
    "OutputDataList": [
        {
            "tagName": "XI_23014_01_MR.PV_AG",
            "value": 310.9764510587392,
            "outputConfiguration": {}
        },
        {
            "tagName": "XI_23014_01_MR.CL_ECPR",
            "value": 0,
            "outputConfiguration": {}
        },
        {
            "tagName": "XI_23015_01_MR.PV_AG",
            "value": 337.46010383879707,
            "outputConfiguration": {}
        },
        {
            "tagName": "XI_23015_01_MR.CL_ECPR",
            "value": 0,
            "outputConfiguration": {}
        },
        {
            "tagName": "XI_23032_01_MR.PV_AG",
            "value": 60.08100537061695,
            "outputConfiguration": {}
        },
        {
            "tagName": "XI_23032_01_MR.CL_ECPR",
            "value": 0,
            "outputConfiguration": {}
        },
        {
            "tagName": "PRD01_01_MR.PV_AG",
            "value": 62.80268146735532,
            "outputConfiguration": {}
        },
        {
            "tagName": "XI_23024_01_MR.PV_AG",
            "value": 201.4157,
            "outputConfiguration": {}
        },
        {
            "tagName": "XI_23024_01_MR.CL_ECPR",
            "value": 0,
            "outputConfiguration": {}
        },
        {
            "tagName": "XI_23026_01_MR.PV_AG",
            "value": 251.821,
            "outputConfiguration": {}
        },
        {
            "tagName": "XI_23026_01_MR.CL_ECPR",
            "value": 0,
            "outputConfiguration": {}
        },
        {
            "tagName": "XI_23049_01_MR.PV_AG",
            "value": 11.45962,
            "outputConfiguration": {}
        },
        {
            "tagName": "XI_23049_01_MR.CL_ECPR",
            "value": 0,
            "outputConfiguration": {}
        },
        {
            "tagName": "XI_23050_01_MR.PV_AG",
            "value": 65.51222653317662,
            "outputConfiguration": {}
        },
        {
            "tagName": "XI_23050_01_MR.CL_ECPR",
            "value": 0,
            "outputConfiguration": {}
        },
        {
            "tagName": "XI_23327_01_MR.PV_AG",
            "value": 1e-10,
            "outputConfiguration": {}
        },
        {
            "tagName": "XI_23327_01_MR.CL_ECPR",
            "value": 0,
            "outputConfiguration": {}
        },
        {
            "tagName": "XI_23293_01_MR.PV_AG",
            "value": 3.802589014061924,
            "outputConfiguration": {}
        },
        {
            "tagName": "XI_23293_01_MR.CL_ECPR",
            "value": 0,
            "outputConfiguration": {}
        },
        {
            "tagName": "XI_23071_01_MR.PV_AG",
            "value": 85.20584,
            "outputConfiguration": {}
        },
        {
            "tagName": "XI_23071_01_MR.CL_ECPR",
            "value": 0,
            "outputConfiguration": {}
        },
        {
            "tagName": "XI_23072_01_MR.PV_AG",
            "value": 79.33632,
            "outputConfiguration": {}
        },
        {
            "tagName": "XI_23072_01_MR.CL_ECPR",
            "value": 0,
            "outputConfiguration": {}
        },
        {
            "tagName": "XI_23057_01_MR.PV_AG",
            "value": 769.6315837411023,
            "outputConfiguration": {}
        },
        {
            "tagName": "XI_23057_01_MR.CL_ECPR",
            "value": 0,
            "outputConfiguration": {}
        },
        {
            "tagName": "XI_23069_01_MR.PV_AG",
            "value": 62.46567476295564,
            "outputConfiguration": {}
        },
        {
            "tagName": "XI_23069_01_MR.CL_ECPR",
            "value": 0,
            "outputConfiguration": {}
        },
        {
            "tagName": "XI_23060_01_MR.PV_AG",
            "value": 55.38752809584254,
            "outputConfiguration": {}
        },
        {
            "tagName": "XI_23060_01_MR.CL_ECPR",
            "value": 0,
            "outputConfiguration": {}
        },
        {
            "tagName": "XI_23061_01_MR.PV_AG",
            "value": 27.78113802397195,
            "outputConfiguration": {}
        },
        {
            "tagName": "XI_23061_01_MR.CL_ECPR",
            "value": 0,
            "outputConfiguration": {}
        },
        {
            "tagName": "XI_23314_01_MR.PV_AG",
            "value": 2.481636,
            "outputConfiguration": {}
        },
        {
            "tagName": "XI_23314_01_MR.CL_ECPR",
            "value": 0,
            "outputConfiguration": {}
        },
        {
            "tagName": "XI_23274_01_MR.PV_AG",
            "value": 0.14553190001085708,
            "outputConfiguration": {}
        },
        {
            "tagName": "XI_23274_01_MR.CL_ECPR",
            "value": 0,
            "outputConfiguration": {}
        },
        {
            "tagName": "XI_23146_01_MR.PV_AG",
            "value": 53.892570211114034,
            "outputConfiguration": {}
        },
        {
            "tagName": "XI_23146_01_MR.CL_ECPR",
            "value": 0,
            "outputConfiguration": {}
        },
        {
            "tagName": "XI_23133_01_MR.PV_AG",
            "value": 129.7174925266181,
            "outputConfiguration": {}
        },
        {
            "tagName": "XI_23133_01_MR.CL_ECPR",
            "value": 0,
            "outputConfiguration": {}
        },
        {
            "tagName": "XI_23136_01_MR.PV_AG",
            "value": 57.93446158108196,
            "outputConfiguration": {}
        },
        {
            "tagName": "XI_23136_01_MR.CL_ECPR",
            "value": 0,
            "outputConfiguration": {}
        },
        {
            "tagName": "XI_23149_01_MR.PV_AG",
            "value": 117.66988544176046,
            "outputConfiguration": {}
        },
        {
            "tagName": "XI_23149_01_MR.CL_ECPR",
            "value": 0,
            "outputConfiguration": {}
        },
        {
            "tagName": "XI_23152_01_MR.PV_AG",
            "value": 264.6373011978467,
            "outputConfiguration": {}
        },
        {
            "tagName": "XI_23152_01_MR.CL_ECPR",
            "value": 0,
            "outputConfiguration": {}
        },
        {
            "tagName": "XI_23154_01_MR.PV_AG",
            "value": 1e-10,
            "outputConfiguration": {}
        },
        {
            "tagName": "XI_23154_01_MR.CL_ECPR",
            "value": 0,
            "outputConfiguration": {}
        },
        {
            "tagName": "XI_23177_01_MR.PV_AG",
            "value": 4.190081475815676,
            "outputConfiguration": {}
        },
        {
            "tagName": "XI_23177_01_MR.CL_ECPR",
            "value": 0,
            "outputConfiguration": {}
        },
        {
            "tagName": "XI_23295_01_MR.PV_AG",
            "value": 1e-10,
            "outputConfiguration": {}
        },
        {
            "tagName": "XI_23295_01_MR.CL_ECPR",
            "value": 0,
            "outputConfiguration": {}
        },
        {
            "tagName": "XI_23167_01_MR.PV_AG",
            "value": 155.29754048282166,
            "outputConfiguration": {}
        },
        {
            "tagName": "XI_23167_01_MR.CL_ECPR",
            "value": 0,
            "outputConfiguration": {}
        },
        {
            "tagName": "XI_23169_01_MR.PV_AG",
            "value": 55.79456580503205,
            "outputConfiguration": {}
        },
        {
            "tagName": "XI_23169_01_MR.CL_ECPR",
            "value": 0,
            "outputConfiguration": {}
        },
        {
            "tagName": "XI_23182_01_MR.PV_AG",
            "value": 96.56991,
            "outputConfiguration": {}
        },
        {
            "tagName": "XI_23182_01_MR.CL_ECPR",
            "value": 0,
            "outputConfiguration": {}
        },
        {
            "tagName": "XI_23192_01_MR.PV_AG",
            "value": 103.7501,
            "outputConfiguration": {}
        },
        {
            "tagName": "XI_23192_01_MR.CL_ECPR",
            "value": 0,
            "outputConfiguration": {}
        },
        {
            "tagName": "XI_23238_01_MR.PV_AG",
            "value": 49.35511343397733,
            "outputConfiguration": {}
        },
        {
            "tagName": "XI_23238_01_MR.CL_ECPR",
            "value": 0,
            "outputConfiguration": {}
        },
        {
            "tagName": "XI_23701_01_MRN.PV_AG",
            "value": 43.88361612956057,
            "outputConfiguration": {}
        },
        {
            "tagName": "XI_23701_01_MRN.CL_ECPR",
            "value": 0,
            "outputConfiguration": {}
        },
        {
            "tagName": "XI_23702_01_MR.PV_AG",
            "value": 3.713563475312321,
            "outputConfiguration": {}
        },
        {
            "tagName": "XI_23702_01_MR.CL_ECPR",
            "value": 0,
            "outputConfiguration": {}
        }
    ]
}