Manufacturer,Manufacturer_Catalog_Number,Item number,Description,Size,Gauge,Capacity,Color,BUOM,UM,Base Price, Price , PRODUCT_TYPE_ID , NAME , SHORT_DESCRIPTION , PRODUCT_STATUS , IS_PACK , UNITS_IN_PACK , PRODUCT_CATEGORY , MFG_DATE , EXPIRY_DATE , PRODUCT_IMAGE ,COUNTRY
,,,,,,,,,,,,,,,,,,,,,,
MALLINCKRODT,86389,3054,"TUBE,TRACH MLT 6.0MM  BX/10",10*40,1.3 Mil,33 Gal,Black,10,BX, $6.21 , $62.10 ,TUBE,"TUBE,TRACH MLT 6.0MM  BX/10","TUBE,TRACH MLT 6.0MM  BX/10",Active,Y,10,710,2020-12,2021-10,Y,US
Mallinckrodt,85865,6219,Stylet Sterile 14 FR,10*41,2.3 Mil,34 Gal,Black,10,BX, $7.21 , $63.10 ,TUBE,Stylet Sterile 14 FR,Stylet Sterile 14 FR,Active,Y,10,711,2020-11,2021-9,Y,US
MALLINCKRODT,86109,6222,"TUBE,TRACH HI-LO 6.0MM  BX/10",10*42,3.3 Mil,35 Gal,Black,10,BX, $8.21 , $64.10 ,TUBE,"TUBE,TRACH HI-LO 6.0MM  BX/10","TUBE,TRACH HI-LO 6.0MM  BX/10",Active,Y,10,712,2020-10,2021-8,Y,US
MALLINCKRODT,86110,6223,"TUBE,TRACH HI-LO 6.5MM  BX/10",10*43,4.3 Mil,36 Gal,Black,10,BX, $9.21 , $65.10 ,TUBE,"TUBE,TRACH HI-LO 6.5MM  BX/10","TUBE,TRACH HI-LO 6.5MM  BX/10",Active,Y,10,713,2020-9,2021-7,Y,US
MALLINCKRODT,86111,6224,Tyvek Pouch  7 1/2X13 Hs ,10*44,5.3 Mil,37 Gal,Black,10,BX, $10.21 , $66.10 ,TUBE,"TUBE,TRACH HI-LO 6.5MM  BX/11","TUBE,TRACH HI-LO 6.5MM  BX/11",Active,Y,10,714,2020-8,2021-6,Y,US
