Manufacturer,Manufacturer_Catalog_Number,Item number,Description,Size,Gauge,Capacity,Color,BUOM,UM,Base Price, Price , PRODUCT_TYPE_ID , NAME , SHORT_DESCRIPTION , PRODUCT_STATUS , IS_PACK , UNITS_IN_PACK , PRODUCT_CATEGORY , MFG_DATE , EXPIRY_DATE , PRODUCT_IMAGE 
Medical Action Industries Inc,57769C,2007,Tray Laceration --High Point,NA+NA,NA,NA,NA,EA,NA,$8.90,$177.93,,Tray Laceration --High Point       ,Tray Laceration --High Point       ,Active,N,NA,510,2020-12,2021-10,N
Medical Action Industries Inc,61105,2008,Suture Removal Tray (Sharp-Blunt Sc./Insert Forcep.) ,NA+NA,NA,NA,NA,EA,NA,$1.72,$85.90,,Tray Suture Removal Sharp Blunt    ,Tray Suture Removal Sharp Blunt    ,Active,N,NA,511,2020-11,2021-9,N
Medical Action Industries Inc,61207,2009,Tray General-Purpose Procedure With Curved Mosquito Hemostat Iris Scissor Medium Alcohol Prep Pad Medium Povidone Iodine Prep Pad 3In Cotton Tip Applicator 3X3In 12Ply Gauze Sponge 5In Curved Mosquito Hemostat 5In Wire Form Thumb Tissue Forcep 3 Safety Pin,Medium,NA,NA,NA,EA,NA,$4.48,$89.67,,Tray General Purpose With Stainless,Tray General Purpose With Stainless,Active,N,NA,510,2020-10,2021-8,N
Novaplus®,61218,2010,Minor Procedure Tray With Stainless Steel Instruments ,NA+NA,NA,NA,NA,EA,NA,$6.98,$139.51,,Tray Minor Procedure With Stainless,Tray Minor Procedure With Stainless,Active,N,NA,511,2020-9,2021-7,N
Novaplus®,61280,2011,Laceration Tray With Stainless Steel Instruments ,NA+NA,NA,NA,NA,EA,NA,$8.65,$173.04,,Tray Laceration With Stainless     ,Tray Laceration With Stainless     ,Active,N,NA,511,2020-8,2021-6,N
Novaplus®,61283,2012,Laceration Tray With Stainless Steel Instruments Syringe  ,NA+NA,NA,NA,NA,EA,NA,$8.61,$172.20,,Tray Laceration With Stainless     ,Tray Laceration With Stainless     ,Active,N,NA,511,2020-12,2021-10,N
Novaplus®,61530,2013,Kit Suture Removal With Plastic Instrument 4In Serrated Forcep Plastic 3X3In 12Ply Gauze Sponge Littauer Scissors With Plastic Handle,NA+NA,NA,NA,NA,TR,NA,$1.21,$60.58,,Tray Suture Removal Scissors       ,Tray Suture Removal Scissors       ,Active,N,NA,511,2020-11,2021-9,N
Novaplus®,420S,2014,Reel Sterilization Heat-Seal Clear White 100Feet 6Inch,NA+NA,NA,NA,CLEAR,RO,NA,$9.05,$72.40,,Pack Heat Seal Reel View Flat 6x100,Pack Heat Seal Reel View Flat 6x100,Active,N,NA,700,2020-10,2021-8,N
Novaplus®,56717,2015,Tray Laceration Ochsner,NA+NA,NA,NA,NA,EA,NA,$11.10,$221.93,,Tray Laceration Ochsner            ,Tray Laceration Ochsner            ,Active,N,NA,511,2020-9,2021-7,N
Novaplus®,5100,2016,Foam Strip Needle Counters 60 Count Foam  ,NA+NA,NA,NA,NA,EA,NA,$1.58,$101.24,,Needle Foam Strip Counter 60 Count ,Needle Foam Strip Counter 60 Count ,Active,N,NA,710,2020-8,2021-6,N
Novaplus®,5101,2017,Foam Strip Needle Counters 30 Count Foam ,NA+NA,NA,NA,NA,EA,NA,$1.26,$211.75,,Needle Foam Strip Counter 30 Count ,Needle Foam Strip Counter 30 Count ,Active,N,NA,710,2020-7,2021-5,N
Novaplus®,5106,2018,Foam Strip Needle Counters Magnet 30 Count ,NA+NA,NA,NA,NA,EA,NA,$1.74,$111.38,,Needle Foam Strip Counters Magnet  ,Needle Foam Strip Counters Magnet  ,Active,N,NA,710,2020-6,2021-4,N
Medical Action Industries Inc,6680,2019,Roll Trayliner 12 X 80  ,NA+NA,NA,NA,NA,EA,NA,$4.65,$69.71,,Trayliner Roll 12x80               ,Trayliner Roll 12x80               ,Active,N,NA,760,2020-5,2021-3,N
Medical Action Industries Inc,267003,2020,Kit Iv Start Chlorhexidine-Gluconate Sepp Applicator Tegaderm 1624,NA+NA,NA,NA,NA,EA,NA,$1.63,$162.74,,Kit IV Start Standard              ,Kit IV Start Standard              ,Active,N,NA,511,2020-4,2021-2,N
Medical Action Industries Inc,7207,2021,Stick Sponge 1 3/4 Jumbo 5/Gls ,NA+NA,NA,NA,NA,PK,NA,$1.70,$169.59,,Sponge Stick 1 3/4 Jumbo 5 Glastine,Sponge Stick 1 3/4 Jumbo 5 Glastine,Active,N,NA,310,2020-3,2021-1,N
,8001,2022,Surgical Light Shield ,NA+NA,NA,NA,BLACK,PK,NA,$0.85,$84.82,,Shield Surgical Light              ,Shield Surgical Light              ,Active,N,NA,760,2020-2,2021-0,N
Medical Action Industries Inc,8101,2023,Cleaner Cautery Tip 2X2Inch Sterile,NA+NA,NA,NA,NA,EA,NA,$0.90,$90.09,,Cleaner Tip Sterile 2x2            ,Cleaner Tip Sterile 2x2            ,Active,N,NA,405,2020-1,2021-1,N
Medical Action Industries Inc,CS9103SW,2024,Kit Action Pac Surgical Southwest,NA+NA,NA,NA,NA,EA,NA,$17.33,$207.90,,Kit Action Pac Surgical Southwest  ,Kit Action Pac Surgical Southwest  ,Active,N,NA,510,2020-0,2021-2,N
Medical Action Industries Inc,407,2025,Sponge Laparotomy Pre-Washed White 4X18Inch Sterile Pocket Pouch,NA+NA,NA,NA,WHITE,PK,NA,$1.55,$61.80,,Sponge Lap Pocket Pouch Pre Wash   ,Sponge Lap Pocket Pouch Pre Wash   ,Active,N,NA,310,2020-1,2021-3,N
,52913,2026,Tubular Bandage Applicators  A Variety Of Stainless Steel And Plastic Applicators For Use With Tubegauz Cage Stainless Steel (Inside Diameter 3 5/8)  ,NA+NA,NA,NA,NA,EA,NA,$31.36,$31.36,,Applicator Tubular Bandage Cage    ,Applicator Tubular Bandage Cage    ,Active,N,NA,310,2020-2,2021-4,N
Medical Action Industries Inc,NS5107,2027,Needle Counter Foam Strip Adhesive,NA+NA,NA,NA,NA,EA,NA,$0.91,$174.49,,Counter Needle 30ct Foam-Adh N/S   ,Counter Needle 30ct Foam-Adh N/S   ,Active,N,NA,710,2020-3,2021-5,N
Medical Action Industries Inc,412,2028,Sponge Laparotomy Pre-Washed With Ring White 12X12Inch Sterile Pockit Pouch,NA+NA,NA,NA,WHITE,EA,NA,$0.40,$79.10,,Sponge Lap Pocket Pouch Per Wash   ,Sponge Lap Pocket Pouch Per Wash   ,Active,N,NA,310,2020-4,2021-6,N
Medical Action Industries Inc,419,2029,Sponge Laparotomy Pre-Washed White 8X36Inch Sterile Pockit Pouch,NA+NA,NA,NA,WHITE,PK,NA,$2.27,$90.64,,Sponge Lap Pocket Pouch Pre Wash   ,Sponge Lap Pocket Pouch Pre Wash   ,Active,N,NA,310,2020-5,2021-7,N
Medical Action Industries Inc,615,2030,Tyvek Heat Seal Pouch 4 X 8  ,NA+NA,NA,NA,NA,EA,NA,$0.18,$176.01,,Pouch Tyvek Heat Seal 4x8          ,Pouch Tyvek Heat Seal 4x8          ,Active,N,NA,700,2020-6,2021-8,N
Medical Action Industries Inc,645-,2031,Tyvek Pouch  7 1/2X13 Hs ,NA+NA,NA,NA,NA,EA,NA,$0.34,$343.42,,Pouch Tyvek 7 1/2x13 Hs            ,Pouch Tyvek 7 1/2x13 Hs            ,Active,N,NA,700,2020-7,2021-9,N
Medical Action Industries Inc,655,2032,Tyvek Self Seal Pouch 5 1/4 X 10 1/4  ,NA+NA,NA,NA,NA,EA,NA,$0.33,$650.00,,Pouch Tyvek Self Seal 5 1/4x10 1/4 ,Pouch Tyvek Self Seal 5 1/4x10 1/4 ,Active,N,NA,700,2020-8,2021-10,N
Medical Action Industries Inc,685,2033,Reel Sterilization Heat-Seal Clear White 200Feet 10Inch Tyvek,NA+NA,NA,NA,CLEAR,EA,NA,$94.70,$473.52,,Reel Tyvek 200 Feet 10 Inch        ,Reel Tyvek 200 Feet 10 Inch        ,Active,N,NA,700,2020-9,2021-11,N
Medical Action Industries Inc,56216,2034,Disposable Instruments Of High Quality Nickel Plated Steel  Each Packed In Peel Open Sterile Pouches. Scalpel Assembly #15 Blade With Metal Handle ,NA+NA,NA,NA,NA,EA,NA,$1.39,$27.87,,Assembly Scalpel Blade W/Metal     ,Assembly Scalpel Blade W/Metal     ,Active,N,NA,710,2020-10,2021-12,N
Medical Action Industries Inc,56241,2035,Disposable Instruments Of High Quality Nickel Plated Steel  Each Packed In Peel Open Sterile Pouches. Forceps Mouse Tooth  ,NA+NA,NA,NA,NA,EA,NA,$0.79,$15.75,,Forcep Mouse Tooth                 ,Forcep Mouse Tooth                 ,Active,N,NA,710,2020-11,2021-13,N
Medical Action Industries Inc,56249,2036,Disposable Instruments Of High Quality Nickel Plated Steel  Each Packed In Peel Open Sterile Pouches. Scissors Sharp/Blunt  ,NA+NA,NA,NA,NA,EA,NA,$1.32,$26.49,,Scissors Sharp Blunt               ,Scissors Sharp Blunt               ,Active,N,NA,710,2020-12,2021-14,N
Medical Action Industries Inc,56305,2037,One Time Sterile Stainless Steel Floor Grade Instruments Adson Forceps 4.75  (Serrated) ,NA+NA,NA,NA,NA,EA,NA,$1.15,$23.02,,Forcep Adson Serrated 4.75         ,Forcep Adson Serrated 4.75         ,Active,N,NA,710,2020-13,2021-15,N
Medical Action Industries Inc,56306,2038,One Time Sterile Stainless Steel Floor Grade Instruments Webster Needle Holder 5 ,NA+NA,NA,NA,NA,EA,NA,$2.76,$55.16,,Holder Needle Webster 5            ,Holder Needle Webster 5            ,Active,N,NA,710,2020-14,2021-16,N
Medical Action Industries Inc,56340,2039,One Time Sterile Stainless Steel Floor Grade Instruments  Forceps Dressing 5 1/2  ,NA+NA,NA,NA,NA,EA,NA,$1.09,$21.84,,Forcep Dressing 5 1/2              ,Forcep Dressing 5 1/2              ,Active,N,NA,710,2020-15,2021-17,N
Medical Action Industries Inc,56349,2040,One Time Sterile Stainless Steel Floor Grade Instruments Mayo Hegar Needle Holder 6 ,NA+NA,NA,NA,NA,EA,NA,$2.61,$52.11,,Holder Mayo Hegar Needle 6         ,Holder Mayo Hegar Needle 6         ,Active,N,NA,710,2020-16,2021-18,N
Medical Action Industries Inc,56416,2041,One Time Sterile Stainless Steel Floor Grade Instruments Iris Forceps 4  ,NA+NA,NA,NA,NA,EA,NA,$1.10,$22.06,,Forcep Iris 4                      ,Forcep Iris 4                      ,Active,N,NA,710,2020-17,2021-19,N
Medical Action Industries Inc,V3230,2042,Sponge Counter Bag Vha ,NA+NA,NA,NA,NA,EA,NA,$0.81,$201.57,,Bag Sponge Counter Vha             ,Bag Sponge Counter Vha             ,Active,N,NA,710,2020-18,2021-20,N
Medical Action Industries Inc,267015,2043,Kit Iv Start Chlorhexidine-Gluconate Frepp Applicator Tegaderm 9519,NA+NA,NA,NA,NA,EA,NA,$1.54,$154.38,,Kit IV Start Standard              ,Kit IV Start Standard              ,Active,N,NA,511,2020-19,2021-21,N
Medical Action Industries Inc,B7102,2044,Kittner Sponge 1/4 X 9/16 Bulk ,NA+NA,NA,NA,NA,EA,NA,$0.19,$97.15,,Sponge Kittner 1/4x9/16 Bulk       ,Sponge Kittner 1/4x9/16 Bulk       ,Active,N,NA,310,2020-20,2021-22,N
Novaplus®,57180,2045,Laceration Kit,NA+NA,NA,NA,NA,EA,NA,$8.61,$172.13,,Laceration Kit                     ,Laceration Kit                     ,Active,N,NA,510,2020-21,2021-23,N
Novaplus®,61108,2046,Kit Suture Removal 4.5Inch Littauer Scissor 3X3Inch 12Ply Gauze Sponge 5Inch Serrated Forcep,NA+NA,NA,NA,NA,EA,NA,$0.83,$41.36,,Tray Suture Removal Facial Littauer,Tray Suture Removal Facial Littauer,Active,N,NA,511,2020-22,2021-24,N
Novaplus®,58440,2047,Tubegauz (50 Yd) White - For Use Without Applicators Arms Lower Legs Small Thighs (Width 1 1/2)  ,Small,NA,NA,WHITE,RL,NA,$12.69,$12.69,,Tubegauz Arm Lower Legs Small Thigh,Tubegauz Arm Lower Legs Small Thigh,Active,N,NA,310,2020-23,2021-25,N
Novaplus®,58083,2048,Tubegauz Elastic Net (25Yd Stretched) White Chest Upper Torso (Flat Width 3 1/4) ,Adult,NA,NA,White,BX,NA,$90.50,$90.50,,Tubegauz Elastic Net White Size 11 ,Tubegauz Elastic Net White Size 11 ,Active,N,NA,310,2020-24,2021-26,N
Novaplus®,B260,2049,Lap Sponges Prewashed Non-Sterile 12x12 Bulk ,NA+NA,NA,NA,NA,EA,NA,$0.32,$444.71,,Sponge Lap Prewashed Nonsterile    ,Sponge Lap Prewashed Nonsterile    ,Active,N,NA,310,2020-25,2021-27,N
Novaplus®,53220LF,2050,Sepro Net (25 Yds. Stretched) Roll Chest Upper Torso (Flat Width 3 1/4) Latex Free ,Special,NA,NA,NA,BX,NA,$20.22,$20.22,,Net Sepro Chest Ab Torso Sz11 Lf   ,Net Sepro Chest Ab Torso Sz11 Lf   ,Active,N,NA,310,2020-26,2021-28,N
Novaplus®,68718,2051,Kit Laceration Safety Glide Needle Luer-Lock Syringe Iris Scissor,NA+NA,NA,NA,NA,EA,NA,$11.50,$230.00,,Kit Laceration                     ,Kit Laceration                     ,Active,N,NA,511,2020-27,2021-29,N
Novaplus®,53120LF,2052,Bandage Tubular Arm Hand Wrist Elastic Net Size 2 Latex-Free Sepro Net,NA+NA,NA,NA,NA,BX,NA,$5.56,$5.56,,Net Sepro Elastic Hand Wrist Sz2 Lf,Net Sepro Elastic Hand Wrist Sz2 Lf,Active,N,NA,310,2020-28,2021-30,N
Novaplus®,4015,2053,Tape Indicator Steam Autoclave Beige 1in 60yd,NA+NA,NA,NA,BEIGE,RL,NA,$4.21,$151.57,,Tape Steam Autoclave 1x60 Yards    ,Tape Steam Autoclave 1x60 Yards    ,Active,N,NA,700,2020-29,2021-31,N
Novaplus®,53160LF,2054,Sepro Net (25 Yds. Stretched) Roll Axila Chest Abdomen Lower Torso (Flat Width 1 1/2) Latex Free,NA+NA,NA,NA,NA,BX,NA,$9.66,$9.66,,Net Sepro Chest Ab Torso Sz6 Lf    ,Net Sepro Chest Ab Torso Sz6 Lf    ,Active,N,NA,310,2020-30,2021-32,N
