phd_host,phdtag
localhost,XI_23014_01_MR.PV_RW
localhost,XI_23014_01_MR.STDEV
localhost,XI_23015_01_MR.PV_RW
localhost,XI_23015_01_MR.STDEV
localhost,XI_23032_01_MR.PV_RW
localhost,XI_23032_01_MR.STDEV
localhost,PRD01_01_MR.PV_RW
localhost,PRD01_01_MR.STDEV
localhost,XI_23024_01_MR.PV_RW
localhost,XI_23024_01_MR.STDEV
localhost,XI_23026_01_MR.PV_RW
localhost,XI_23026_01_MR.STDEV
localhost,XI_23049_01_MR.PV_RW
localhost,XI_23049_01_MR.STDEV
localhost,XI_23050_01_MR.PV_RW
localhost,XI_23050_01_MR.STDEV
localhost,XI_23327_01_MR.PV_RW
localhost,XI_23327_01_MR.STDEV
localhost,XI_23293_01_MR.PV_RW
localhost,XI_23293_01_MR.STDEV
localhost,XI_23071_01_MR.PV_RW
localhost,XI_23071_01_MR.STDEV
localhost,XI_23072_01_MR.PV_RW
localhost,XI_23072_01_MR.STDEV
localhost,XI_23057_01_MR.PV_RW
localhost,XI_23057_01_MR.STDEV
localhost,XI_23069_01_MR.PV_RW
localhost,XI_23069_01_MR.STDEV
localhost,XI_23060_01_MR.PV_RW
localhost,XI_23060_01_MR.STDEV
localhost,XI_23061_01_MR.PV_RW
localhost,XI_23061_01_MR.STDEV
localhost,XI_23314_01_MR.PV_RW
localhost,XI_23314_01_MR.STDEV
localhost,XI_23274_01_MR.PV_RW
localhost,XI_23274_01_MR.STDEV
localhost,XI_23146_01_MR.PV_RW
localhost,XI_23146_01_MR.STDEV
localhost,XI_23133_01_MR.PV_RW
localhost,XI_23133_01_MR.STDEV
localhost,XI_23136_01_MR.PV_RW
localhost,XI_23136_01_MR.STDEV
localhost,XI_23149_01_MR.PV_RW
localhost,XI_23149_01_MR.STDEV
localhost,XI_23152_01_MR.PV_RW
localhost,XI_23152_01_MR.STDEV
localhost,XI_23154_01_MR.PV_RW
localhost,XI_23154_01_MR.STDEV
localhost,XI_23177_01_MR.PV_RW
localhost,XI_23177_01_MR.STDEV
localhost,XI_23295_01_MR.PV_RW
localhost,XI_23295_01_MR.STDEV
localhost,XI_23167_01_MR.PV_RW
localhost,XI_23167_01_MR.STDEV
localhost,XI_23169_01_MR.PV_RW
localhost,XI_23169_01_MR.STDEV
localhost,XI_23182_01_MR.PV_RW
localhost,XI_23182_01_MR.STDEV
localhost,XI_23192_01_MR.PV_RW
localhost,XI_23192_01_MR.STDEV
localhost,XI_23238_01_MR.PV_RW
localhost,XI_23238_01_MR.STDEV
localhost,XI_23701_01_MRN.PV_RW
localhost,XI_23701_01_MRN.STDEV
localhost,XI_23702_01_MR.PV_RW
localhost,XI_23702_01_MR.STDEV
