phd_host,phdtag
localhost,TI_23091_01.PV_RW
localhost,TI_23090_01.PV_RW
localhost,XI_23206_01_PENTETBP.PV_RW
localhost,FI_23005_01.PV_RW
localhost,FI_23152_01.PV_RW
localhost,FI_23057_01.PV_RW
localhost,XI_23133_01_KER90EST.PV_RW
localhost,XI_23136_01_DSL90EST.PV_RW
localhost,XI_23146_01_NAP90EST.PV_RW
localhost,XI_23167_01_HVG95CAL.PV_RW
localhost,XI_23149_01_LMF.PV_RW
localhost,XI_23133_01_LMF.PV_RW
localhost,XI_23069_01_LMF.PV_RW
localhost,XI_23182_01_LMF.PV_RW
localhost,XI_23014_01_LMF.PV_RW
localhost,XI_23015_01_LMF.PV_RW
localhost,XI_23314_01_LMF.PV_RW
localhost,XI_23203_01_LMF.PV_RW
