account_name,supplier_name,supplier_cat_number,supplier_sku_number,distributor_sku_number,sku _description,hospital_item_number,quantity_shipped,unit_price,BUM,BUM_FACTOR,total_price,contract_price,contract_number,distributor_name
BETHESDA MEMORIAL HOSPITAL,Medical Action Industries Inc,54532,2001,D1001,Comp  Medc 1314SUT1002,8549,3000,22.09,PD,200,60,60,D1001,Mckesson
BETHESDA MEMORIAL HOSPITAL,Medical Action Industries Inc,54532,2002,D1002,Steel Instruments,5831,48,1.5,RO,1,60,60,D1002,Mckesson
BETHESDA MEMORIAL HOSPITAL,Medical Action Industries Inc,54532,2003,D1003,Func To Medc 1314SPCT1002,7231,3000,0.77,RO,1,60,60,D1003,Mckesson
BETHESDA MEMORIAL HOSPITAL,Medical Action Industries Inc,54532,2004,D1004,White 1 1/2,5944,4680,1.73,EA,1,60,60,D1004,Mckesson
BETHESDA MEMORIAL HOSPITAL,Medical Action Industries Inc,54532,2005,D1005,12x12 Bulk,6529,50,1.93,RL,1,60,60,D1005,Mckesson
BOCA RATON COMMUNITY HOSPITAL,Medical Action Industries Inc,54532,2001,D1001,Comp  Medc 1314SUT1002,8549,300,1.31,RL,1,60,60,D1009,Mckesson
BOCA RATON COMMUNITY HOSPITAL,Medical Action Industries Inc,54532,2002,D1002,Steel Instruments,5831,100,1.36,RL,1,60,60,D1010,Mckesson
BOCA RATON COMMUNITY HOSPITAL,Medical Action Industries Inc,54532,2003,D1003,Func To Medc 1314SPCT1002,7231,3200,0.67,EA,1,60,60,D1011,Mckesson
BOCA RATON COMMUNITY HOSPITAL,Medical Action Industries Inc,54532,2004,D1004,White 1 1/2,5944,1436,1.73,EA,1,60,60,D1012,Mckesson
BOCA RATON COMMUNITY HOSPITAL,Medical Action Industries Inc,54532,2005,D1005,12x12 Bulk,6529,50,1.45,RL,1,60,60,D1013,Mckesson
