{
    "JobId": "d29ddf43-7df4-490b-96fc-99f41eacbb1c",
    "ModelId": "model-cps-hbwnarea01nap01-pareto1",
    "CalculationType": "GED_DR_MASS_TEST",
    "Configuration": {
        "EDGE1_NAME": "FED01EXH01",
        "EDGE2_NAME": "FED02EXH01",
        "EDGE3_NAME": "EXH01MIX01",
        "EDGE4_NAME": "EXH01MIX01",
        "EDGE5_NAME": "MIX01VSL01",
        "EDGE6_NAME": "FED03VSL01",
        "EDGE7_NAME": "VSL01PRD01",
        "EDGE8_NAME": "VSL01EXH02",
        "EDGE9_NAME": "EXH02MIX02",
        "EDGE10_NAME": "EXH02MIX02",
        "EDGE11_NAME": "EXH02MIX02",
        "EDGE12_NAME": "MIX02MIX03",
        "EDGE13_NAME": "MIX03COL01",
        "EDGE14_NAME": "COL01VSL02",
        "EDGE15_NAME": "VSL02COL01",
        "EDGE16_NAME": "VSL02PRD04",
        "EDGE17_NAME": "VSL02PRD03",
        "EDGE18_NAME": "VSL02PRD02",
        "EDGE19_NAME": "COL01EXH03",
        "EDGE20_NAME": "EXH03COL01",
        "EDGE21_NAME": "EXH03COL01",
        "EDGE22_NAME": "EXH03MIX04",
        "EDGE23_NAME": "MIX04COL01",
        "EDGE24_NAME": "MIX04COL01",
        "EDGE25_NAME": "MIX04COL01",
        "EDGE26_NAME": "MIX04EXH04",
        "EDGE27_NAME": "EXH04MIX05",
        "EDGE28_NAME": "EXH04MIX05",
        "EDGE29_NAME": "EXH04MIX05",
        "EDGE30_NAME": "EXH04MIX05",
        "EDGE31_NAME": "EXH04MIX05",
        "EDGE32_NAME": "EXH04MIX05",
        "EDGE33_NAME": "EXH04MIX05",
        "EDGE34_NAME": "EXH04MIX05",
        "EDGE35_NAME": "MIX05COL02",
        "EDGE36_NAME": "FED07COL02",
        "EDGE37_NAME": "COL02VSL03",
        "EDGE38_NAME": "VSL03PRD08",
        "EDGE39_NAME": "VSL03PRD09",
        "EDGE40_NAME": "VSL03WAT01",
        "EDGE41_NAME": "WAT01BLK02",
        "EDGE42_NAME": "BLK02FED07",
        "EDGE43_NAME": "COL02PRD05",
        "EDGE44_NAME": "COL02PRD06",
        "EDGE45_NAME": "COL02PRD10",
        "EDGE46_NAME": "COL02MIX08",
        "EDGE47_NAME": "MIX08COL03",
        "EDGE48_NAME": "COL03MIX09",
        "EDGE49_NAME": "MIX09MIX08",
        "EDGE50_NAME": "MIX09PRD11",
        "EDGE51_NAME": "COL03PRD15",
        "EDGE52_NAME": "COL03PRD12",
        "EDGE53_NAME": "COL03PRD13",
        "EDGE54_NAME": "COL03EXH09",
        "EDGE55_NAME": "COL03EXH09",
        "EDGE56_NAME": "EXH09COL03",
        "EDGE57_NAME": "EXH09PRD14",
        "EDGE58_NAME": "PRD01BLK01",
        "EDGE59_NAME": "BLK01FED02",
        "EDGE60_NAME": "PRD03BLK01",
        "EDGE61_NAME": "BLK01FED03",
        "EDGE1_ASSET": "XI_23005_01_MR",
        "EDGE2_ASSET": "",
        "EDGE3_ASSET": "XI_23014_01_MR",
        "EDGE4_ASSET": "XI_23015_01_MR",
        "EDGE5_ASSET": "",
        "EDGE6_ASSET": "XI_23032_01_MR",
        "EDGE7_ASSET": "",
        "EDGE8_ASSET": "",
        "EDGE9_ASSET": "XI_23024_01_MR",
        "EDGE10_ASSET": "XI_23026_01_MR",
        "EDGE11_ASSET": "XI_23029_01_MR",
        "EDGE12_ASSET": "",
        "EDGE13_ASSET": "",
        "EDGE14_ASSET": "",
        "EDGE15_ASSET": "XI_23049_01_MR",
        "EDGE16_ASSET": "XI_23050_01_MR",
        "EDGE17_ASSET": "",
        "EDGE18_ASSET": "XI_23293_01_MR",
        "EDGE19_ASSET": "",
        "EDGE20_ASSET": "XI_23071_01_MR",
        "EDGE21_ASSET": "XI_23072_01_MR",
        "EDGE22_ASSET": "XI_23057_01_MR",
        "EDGE23_ASSET": "XI_23069_01_MR",
        "EDGE24_ASSET": "XI_23060_01_MR",
        "EDGE25_ASSET": "XI_23061_01_MR",
        "EDGE26_ASSET": "",
        "EDGE27_ASSET": "XI_23075_01_MR",
        "EDGE28_ASSET": "XI_23076_01_MR",
        "EDGE29_ASSET": "XI_23077_01_MR",
        "EDGE30_ASSET": "XI_23078_01_MR",
        "EDGE31_ASSET": "XI_23082_01_MR",
        "EDGE32_ASSET": "XI_23083_01_MR",
        "EDGE33_ASSET": "XI_23084_01_MR",
        "EDGE34_ASSET": "XI_23085_01_MR",
        "EDGE35_ASSET": "",
        "EDGE36_ASSET": "XI_23314_01_MR",
        "EDGE37_ASSET": "",
        "EDGE38_ASSET": "XI_23274_01_MR",
        "EDGE39_ASSET": "XI_23146_01_MR",
        "EDGE40_ASSET": "",
        "EDGE41_ASSET": "",
        "EDGE42_ASSET": "",
        "EDGE43_ASSET": "XI_23133_01_MR",
        "EDGE44_ASSET": "XI_23136_01_MR",
        "EDGE45_ASSET": "XI_23149_01_MR",
        "EDGE46_ASSET": "",
        "EDGE47_ASSET": "XI_23152_01_MR",
        "EDGE48_ASSET": "",
        "EDGE49_ASSET": "XI_23154_01_MR",
        "EDGE50_ASSET": "XI_23177_01_MR",
        "EDGE51_ASSET": "",
        "EDGE52_ASSET": "XI_23167_01_MR",
        "EDGE53_ASSET": "XI_23169_01_MR",
        "EDGE54_ASSET": "XI_23182_01_MR",
        "EDGE55_ASSET": "XI_23192_01_MR",
        "EDGE56_ASSET": "XI_23203_01_MR",
        "EDGE57_ASSET": "",
        "EDGE58_ASSET": "",
        "EDGE59_ASSET": "",
        "EDGE60_ASSET": "",
        "EDGE61_ASSET": "",
        "CONFIG_FILE": "TestConfiguration",
        "REACTION_INDICATOR": "0",
        "TERMINAL_INDICATOR": "1",
        "INTERVAL": "30",
        "TOTAL_COMPONENTS": "0",
        "MODEL_SERVICE_TOKEN": "<Token>",
        "UNIT_STEADY_STATE_TAG": "U0300_01.SSD1_ST",
        "UNIT_STEADY_STATE_REQUIREMENT": "0.5",
        "INTERUNIT_INDICATOR": "0",
        "MODEL_SERVICE_ENDPOINT": "<URL>",
        "SAMPLE_DATA_FREQUENCY": "100",
        "COMPONENT_INDICATOR": "0",
        "DELAY": "150"
    },
    "InputDataList": [
        {
            "tagName": "XI_23005_01_MR.PV_RW",
            "dataScienceTagName": "null",
            "timeStampsToValueMap": {
                "1614767955.0": 717017.4
            },
            "tagConfiguration": {}
        },
        {
            "tagName": "XI_23014_01_MR.PV_RW",
            "dataScienceTagName": "null",
            "timeStampsToValueMap": {
                "1614767955.0": 393541.9
            },
            "tagConfiguration": {}
        },
        {
            "tagName": "XI_23015_01_MR.PV_RW",
            "dataScienceTagName": "null",
            "timeStampsToValueMap": {
                "1614767955.0": 406227.3
            },
            "tagConfiguration": {}
        },
        {
            "tagName": "XI_23032_01_MR.PV_RW",
            "dataScienceTagName": "null",
            "timeStampsToValueMap": {
                "1614767955.0": 1838542.0
            },
            "tagConfiguration": {}
        },
        {
            "tagName": "XI_23024_01_MR.PV_RW",
            "dataScienceTagName": "null",
            "timeStampsToValueMap": {
                "1614767955.0": 362346.3
            },
            "tagConfiguration": {}
        },
        {
            "tagName": "XI_23026_01_MR.PV_RW",
            "dataScienceTagName": "null",
            "timeStampsToValueMap": {
                "1614767955.0": 151568.2
            },
            "tagConfiguration": {}
        },
        {
            "tagName": "XI_23029_01_MR.PV_RW",
            "dataScienceTagName": "null",
            "timeStampsToValueMap": {
                "1614767955.0": 285594.8
            },
            "tagConfiguration": {}
        },
        {
            "tagName": "XI_23049_01_MR.PV_RW",
            "dataScienceTagName": "null",
            "timeStampsToValueMap": {
                "1614767955.0": 15402.2
            },
            "tagConfiguration": {}
        },
        {
            "tagName": "XI_23050_01_MR.PV_RW",
            "dataScienceTagName": "null",
            "timeStampsToValueMap": {
                "1614767955.0": 102403.3
            },
            "tagConfiguration": {}
        },
        {
            "tagName": "XI_23293_01_MR.PV_RW",
            "dataScienceTagName": "null",
            "timeStampsToValueMap": {
                "1614767955.0": 3757.839
            },
            "tagConfiguration": {}
        },
        {
            "tagName": "XI_23071_01_MR.PV_RW",
            "dataScienceTagName": "null",
            "timeStampsToValueMap": {
                "1614767955.0": 56856.14
            },
            "tagConfiguration": {}
        },
        {
            "tagName": "XI_23072_01_MR.PV_RW",
            "dataScienceTagName": "null",
            "timeStampsToValueMap": {
                "1614767955.0": 87893.68
            },
            "tagConfiguration": {}
        },
        {
            "tagName": "XI_23057_01_MR.PV_RW",
            "dataScienceTagName": "null",
            "timeStampsToValueMap": {
                "1614767955.0": 868569.8
            },
            "tagConfiguration": {}
        },
        {
            "tagName": "XI_23069_01_MR.PV_RW",
            "dataScienceTagName": "null",
            "timeStampsToValueMap": {
                "1614767955.0": 69936.7
            },
            "tagConfiguration": {}
        },
        {
            "tagName": "XI_23060_01_MR.PV_RW",
            "dataScienceTagName": "null",
            "timeStampsToValueMap": {
                "1614767955.0": 59056.04
            },
            "tagConfiguration": {}
        },
        {
            "tagName": "XI_23061_01_MR.PV_RW",
            "dataScienceTagName": "null",
            "timeStampsToValueMap": {
                "1614767955.0": 29971.08
            },
            "tagConfiguration": {}
        },
        {
            "tagName": "XI_23075_01_MR.PV_RW",
            "dataScienceTagName": "null",
            "timeStampsToValueMap": {
                "1614767955.0": 81338.07
            },
            "tagConfiguration": {}
        },
        {
            "tagName": "XI_23076_01_MR.PV_RW",
            "dataScienceTagName": "null",
            "timeStampsToValueMap": {
                "1614767955.0": 95856.95
            },
            "tagConfiguration": {}
        },
        {
            "tagName": "XI_23077_01_MR.PV_RW",
            "dataScienceTagName": "null",
            "timeStampsToValueMap": {
                "1614767955.0": 96426.83
            },
            "tagConfiguration": {}
        },
        {
            "tagName": "XI_23078_01_MR.PV_RW",
            "dataScienceTagName": "null",
            "timeStampsToValueMap": {
                "1614767955.0": 91023.4
            },
            "tagConfiguration": {}
        },
        {
            "tagName": "XI_23082_01_MR.PV_RW",
            "dataScienceTagName": "null",
            "timeStampsToValueMap": {
                "1614767955.0": 78577.14
            },
            "tagConfiguration": {}
        },
        {
            "tagName": "XI_23083_01_MR.PV_RW",
            "dataScienceTagName": "null",
            "timeStampsToValueMap": {
                "1614767955.0": 89727.02
            },
            "tagConfiguration": {}
        },
        {
            "tagName": "XI_23084_01_MR.PV_RW",
            "dataScienceTagName": "null",
            "timeStampsToValueMap": {
                "1614767955.0": 85939.68
            },
            "tagConfiguration": {}
        },
        {
            "tagName": "XI_23085_01_MR.PV_RW",
            "dataScienceTagName": "null",
            "timeStampsToValueMap": {
                "1614767955.0": 85152.7
            },
            "tagConfiguration": {}
        },
        {
            "tagName": "XI_23314_01_MR.PV_RW",
            "dataScienceTagName": "null",
            "timeStampsToValueMap": {
                "1614767955.0": 4397.671
            },
            "tagConfiguration": {}
        },
        {
            "tagName": "XI_23274_01_MR.PV_RW",
            "dataScienceTagName": "null",
            "timeStampsToValueMap": {
                "1614767955.0": 143.0204
            },
            "tagConfiguration": {}
        },
        {
            "tagName": "XI_23146_01_MR.PV_RW",
            "dataScienceTagName": "null",
            "timeStampsToValueMap": {
                "1614767955.0": 52813.82
            },
            "tagConfiguration": {}
        },
        {
            "tagName": "XI_23133_01_MR.PV_RW",
            "dataScienceTagName": "null",
            "timeStampsToValueMap": {
                "1614767955.0": 65573.23
            },
            "tagConfiguration": {}
        },
        {
            "tagName": "XI_23136_01_MR.PV_RW",
            "dataScienceTagName": "null",
            "timeStampsToValueMap": {
                "1614767955.0": 63713.63
            },
            "tagConfiguration": {}
        },
        {
            "tagName": "XI_23149_01_MR.PV_RW",
            "dataScienceTagName": "null",
            "timeStampsToValueMap": {
                "1614767955.0": 14540.07
            },
            "tagConfiguration": {}
        },
        {
            "tagName": "XI_23152_01_MR.PV_RW",
            "dataScienceTagName": "null",
            "timeStampsToValueMap": {
                "1614767955.0": 512333.3
            },
            "tagConfiguration": {}
        },
        {
            "tagName": "XI_23154_01_MR.PV_RW",
            "dataScienceTagName": "null",
            "timeStampsToValueMap": {
                "1614767955.0": 13864.22
            },
            "tagConfiguration": {}
        },
        {
            "tagName": "XI_23177_01_MR.PV_RW",
            "dataScienceTagName": "null",
            "timeStampsToValueMap": {
                "1614767955.0": 0.0
            },
            "tagConfiguration": {}
        },
        {
            "tagName": "XI_23167_01_MR.PV_RW",
            "dataScienceTagName": "null",
            "timeStampsToValueMap": {
                "1614767955.0": 95153.48
            },
            "tagConfiguration": {}
        },
        {
            "tagName": "XI_23169_01_MR.PV_RW",
            "dataScienceTagName": "null",
            "timeStampsToValueMap": {
                "1614767955.0": 6219.565
            },
            "tagConfiguration": {}
        },
        {
            "tagName": "XI_23192_01_MR.PV_RW",
            "dataScienceTagName": "null",
            "timeStampsToValueMap": {
                "1614767955.0": 240328.7
            },
            "tagConfiguration": {}
        },
        {
            "tagName": "XI_23203_01_MR.PV_RW",
            "dataScienceTagName": "null",
            "timeStampsToValueMap": {
                "1614767955.0": 7566.251
            },
            "tagConfiguration": {}
        },
        {
            "tagName": "XI_23182_01_MR.PV_RW",
            "dataScienceTagName": "null",
            "timeStampsToValueMap": {
                "1614767955.0": 179130.3
            },
            "tagConfiguration": {}
        },
        {
            "tagName": "XI_23005_01_MR.STDEV",
            "dataScienceTagName": "null",
            "timeStampsToValueMap": {
                "1614767955.0": 2855.675
            },
            "tagConfiguration": {}
        },
        {
            "tagName": "XI_23014_01_MR.STDEV",
            "dataScienceTagName": "null",
            "timeStampsToValueMap": {
                "1614767955.0": 1414.121
            },
            "tagConfiguration": {}
        },
        {
            "tagName": "XI_23015_01_MR.STDEV",
            "dataScienceTagName": "null",
            "timeStampsToValueMap": {
                "1614767955.0": 797.5413
            },
            "tagConfiguration": {}
        },
        {
            "tagName": "XI_23032_01_MR.STDEV",
            "dataScienceTagName": "null",
            "timeStampsToValueMap": {
                "1614767955.0": 1696.601
            },
            "tagConfiguration": {}
        },
        {
            "tagName": "XI_23024_01_MR.STDEV",
            "dataScienceTagName": "null",
            "timeStampsToValueMap": {
                "1614767955.0": 528.7988
            },
            "tagConfiguration": {}
        },
        {
            "tagName": "XI_23026_01_MR.STDEV",
            "dataScienceTagName": "null",
            "timeStampsToValueMap": {
                "1614767955.0": 268.2029
            },
            "tagConfiguration": {}
        },
        {
            "tagName": "XI_23029_01_MR.STDEV",
            "dataScienceTagName": "null",
            "timeStampsToValueMap": {
                "1614767955.0": 1415.394
            },
            "tagConfiguration": {}
        },
        {
            "tagName": "XI_23049_01_MR.STDEV",
            "dataScienceTagName": "null",
            "timeStampsToValueMap": {
                "1614767955.0": 295.3688
            },
            "tagConfiguration": {}
        },
        {
            "tagName": "XI_23050_01_MR.STDEV",
            "dataScienceTagName": "null",
            "timeStampsToValueMap": {
                "1614767955.0": 840.1669
            },
            "tagConfiguration": {}
        },
        {
            "tagName": "XI_23293_01_MR.STDEV",
            "dataScienceTagName": "null",
            "timeStampsToValueMap": {
                "1614767955.0": 596.332
            },
            "tagConfiguration": {}
        },
        {
            "tagName": "XI_23071_01_MR.STDEV",
            "dataScienceTagName": "null",
            "timeStampsToValueMap": {
                "1614767955.0": 318.557
            },
            "tagConfiguration": {}
        },
        {
            "tagName": "XI_23072_01_MR.STDEV",
            "dataScienceTagName": "null",
            "timeStampsToValueMap": {
                "1614767955.0": 422.2715
            },
            "tagConfiguration": {}
        },
        {
            "tagName": "XI_23057_01_MR.STDEV",
            "dataScienceTagName": "null",
            "timeStampsToValueMap": {
                "1614767955.0": 5884.924
            },
            "tagConfiguration": {}
        },
        {
            "tagName": "XI_23069_01_MR.STDEV",
            "dataScienceTagName": "null",
            "timeStampsToValueMap": {
                "1614767955.0": 119.6882
            },
            "tagConfiguration": {}
        },
        {
            "tagName": "XI_23060_01_MR.STDEV",
            "dataScienceTagName": "null",
            "timeStampsToValueMap": {
                "1614767955.0": 125.3174
            },
            "tagConfiguration": {}
        },
        {
            "tagName": "XI_23061_01_MR.STDEV",
            "dataScienceTagName": "null",
            "timeStampsToValueMap": {
                "1614767955.0": 217.6474
            },
            "tagConfiguration": {}
        },
        {
            "tagName": "XI_23075_01_MR.STDEV",
            "dataScienceTagName": "null",
            "timeStampsToValueMap": {
                "1614767955.0": 533.9536
            },
            "tagConfiguration": {}
        },
        {
            "tagName": "XI_23076_01_MR.STDEV",
            "dataScienceTagName": "null",
            "timeStampsToValueMap": {
                "1614767955.0": 303.5219
            },
            "tagConfiguration": {}
        },
        {
            "tagName": "XI_23077_01_MR.STDEV",
            "dataScienceTagName": "null",
            "timeStampsToValueMap": {
                "1614767955.0": 303.0443
            },
            "tagConfiguration": {}
        },
        {
            "tagName": "XI_23078_01_MR.STDEV",
            "dataScienceTagName": "null",
            "timeStampsToValueMap": {
                "1614767955.0": 1153.332
            },
            "tagConfiguration": {}
        },
        {
            "tagName": "XI_23082_01_MR.STDEV",
            "dataScienceTagName": "null",
            "timeStampsToValueMap": {
                "1614767955.0": 659.935
            },
            "tagConfiguration": {}
        },
        {
            "tagName": "XI_23083_01_MR.STDEV",
            "dataScienceTagName": "null",
            "timeStampsToValueMap": {
                "1614767955.0": 337.4267
            },
            "tagConfiguration": {}
        },
        {
            "tagName": "XI_23084_01_MR.STDEV",
            "dataScienceTagName": "null",
            "timeStampsToValueMap": {
                "1614767955.0": 814.4592
            },
            "tagConfiguration": {}
        },
        {
            "tagName": "XI_23085_01_MR.STDEV",
            "dataScienceTagName": "null",
            "timeStampsToValueMap": {
                "1614767955.0": 2103.426
            },
            "tagConfiguration": {}
        },
        {
            "tagName": "XI_23314_01_MR.STDEV",
            "dataScienceTagName": "null",
            "timeStampsToValueMap": {
                "1614767955.0": 11.6813
            },
            "tagConfiguration": {}
        },
        {
            "tagName": "XI_23274_01_MR.STDEV",
            "dataScienceTagName": "null",
            "timeStampsToValueMap": {
                "1614767955.0": 1.908677
            },
            "tagConfiguration": {}
        },
        {
            "tagName": "XI_23146_01_MR.STDEV",
            "dataScienceTagName": "null",
            "timeStampsToValueMap": {
                "1614767955.0": 532.2323
            },
            "tagConfiguration": {}
        },
        {
            "tagName": "XI_23133_01_MR.STDEV",
            "dataScienceTagName": "null",
            "timeStampsToValueMap": {
                "1614767955.0": 675.1224
            },
            "tagConfiguration": {}
        },
        {
            "tagName": "XI_23136_01_MR.STDEV",
            "dataScienceTagName": "null",
            "timeStampsToValueMap": {
                "1614767955.0": 344.6125
            },
            "tagConfiguration": {}
        },
        {
            "tagName": "XI_23149_01_MR.STDEV",
            "dataScienceTagName": "null",
            "timeStampsToValueMap": {
                "1614767955.0": 31.56661
            },
            "tagConfiguration": {}
        },
        {
            "tagName": "XI_23152_01_MR.STDEV",
            "dataScienceTagName": "null",
            "timeStampsToValueMap": {
                "1614767955.0": 4999.536
            },
            "tagConfiguration": {}
        },
        {
            "tagName": "XI_23154_01_MR.STDEV",
            "dataScienceTagName": "null",
            "timeStampsToValueMap": {
                "1614767955.0": 235.7505
            },
            "tagConfiguration": {}
        },
        {
            "tagName": "XI_23177_01_MR.STDEV",
            "dataScienceTagName": "null",
            "timeStampsToValueMap": {
                "1614767955.0": 0.0
            },
            "tagConfiguration": {}
        },
        {
            "tagName": "XI_23167_01_MR.STDEV",
            "dataScienceTagName": "null",
            "timeStampsToValueMap": {
                "1614767955.0": 1699.97
            },
            "tagConfiguration": {}
        },
        {
            "tagName": "XI_23169_01_MR.STDEV",
            "dataScienceTagName": "null",
            "timeStampsToValueMap": {
                "1614767955.0": 296.6878
            },
            "tagConfiguration": {}
        },
        {
            "tagName": "XI_23192_01_MR.STDEV",
            "dataScienceTagName": "null",
            "timeStampsToValueMap": {
                "1614767955.0": 6164.021
            },
            "tagConfiguration": {}
        },
        {
            "tagName": "XI_23203_01_MR.STDEV",
            "dataScienceTagName": "null",
            "timeStampsToValueMap": {
                "1614767955.0": 109.2426
            },
            "tagConfiguration": {}
        },
        {
            "tagName": "XI_23182_01_MR.STDEV",
            "dataScienceTagName": "null",
            "timeStampsToValueMap": {
                "1614767955.0": 382.7225
            },
            "tagConfiguration": {}
        }
    ],
    "OutputDataList": [
        {
            "tagName": "XI_23005_01_MR.CL_ECPR",
            "dataScienceTagName": "null",
            "outputConfiguration": "null"
        },
        {
            "tagName": "XI_23014_01_MR.CL_ECPR",
            "dataScienceTagName": "null",
            "outputConfiguration": "null"
        },
        {
            "tagName": "XI_23015_01_MR.CL_ECPR",
            "dataScienceTagName": "null",
            "outputConfiguration": "null"
        },
        {
            "tagName": "XI_23032_01_MR.CL_ECPR",
            "dataScienceTagName": "null",
            "outputConfiguration": "null"
        },
        {
            "tagName": "XI_23024_01_MR.CL_ECPR",
            "dataScienceTagName": "null",
            "outputConfiguration": "null"
        },
        {
            "tagName": "XI_23026_01_MR.CL_ECPR",
            "dataScienceTagName": "null",
            "outputConfiguration": "null"
        },
        {
            "tagName": "XI_23029_01_MR.CL_ECPR",
            "dataScienceTagName": "null",
            "outputConfiguration": "null"
        },
        {
            "tagName": "XI_23049_01_MR.CL_ECPR",
            "dataScienceTagName": "null",
            "outputConfiguration": "null"
        },
        {
            "tagName": "XI_23050_01_MR.CL_ECPR",
            "dataScienceTagName": "null",
            "outputConfiguration": "null"
        },
        {
            "tagName": "XI_23293_01_MR.CL_ECPR",
            "dataScienceTagName": "null",
            "outputConfiguration": "null"
        },
        {
            "tagName": "XI_23071_01_MR.CL_ECPR",
            "dataScienceTagName": "null",
            "outputConfiguration": "null"
        },
        {
            "tagName": "XI_23072_01_MR.CL_ECPR",
            "dataScienceTagName": "null",
            "outputConfiguration": "null"
        },
        {
            "tagName": "XI_23057_01_MR.CL_ECPR",
            "dataScienceTagName": "null",
            "outputConfiguration": "null"
        },
        {
            "tagName": "XI_23069_01_MR.CL_ECPR",
            "dataScienceTagName": "null",
            "outputConfiguration": "null"
        },
        {
            "tagName": "XI_23060_01_MR.CL_ECPR",
            "dataScienceTagName": "null",
            "outputConfiguration": "null"
        },
        {
            "tagName": "XI_23061_01_MR.CL_ECPR",
            "dataScienceTagName": "null",
            "outputConfiguration": "null"
        },
        {
            "tagName": "XI_23075_01_MR.CL_ECPR",
            "dataScienceTagName": "null",
            "outputConfiguration": "null"
        },
        {
            "tagName": "XI_23076_01_MR.CL_ECPR",
            "dataScienceTagName": "null",
            "outputConfiguration": "null"
        },
        {
            "tagName": "XI_23077_01_MR.CL_ECPR",
            "dataScienceTagName": "null",
            "outputConfiguration": "null"
        },
        {
            "tagName": "XI_23078_01_MR.CL_ECPR",
            "dataScienceTagName": "null",
            "outputConfiguration": "null"
        },
        {
            "tagName": "XI_23082_01_MR.CL_ECPR",
            "dataScienceTagName": "null",
            "outputConfiguration": "null"
        },
        {
            "tagName": "XI_23083_01_MR.CL_ECPR",
            "dataScienceTagName": "null",
            "outputConfiguration": "null"
        },
        {
            "tagName": "XI_23084_01_MR.CL_ECPR",
            "dataScienceTagName": "null",
            "outputConfiguration": "null"
        },
        {
            "tagName": "XI_23085_01_MR.CL_ECPR",
            "dataScienceTagName": "null",
            "outputConfiguration": "null"
        },
        {
            "tagName": "XI_23314_01_MR.CL_ECPR",
            "dataScienceTagName": "null",
            "outputConfiguration": "null"
        },
        {
            "tagName": "XI_23274_01_MR.CL_ECPR",
            "dataScienceTagName": "null",
            "outputConfiguration": "null"
        },
        {
            "tagName": "XI_23146_01_MR.CL_ECPR",
            "dataScienceTagName": "null",
            "outputConfiguration": "null"
        },
        {
            "tagName": "XI_23133_01_MR.CL_ECPR",
            "dataScienceTagName": "null",
            "outputConfiguration": "null"
        },
        {
            "tagName": "XI_23136_01_MR.CL_ECPR",
            "dataScienceTagName": "null",
            "outputConfiguration": "null"
        },
        {
            "tagName": "XI_23149_01_MR.CL_ECPR",
            "dataScienceTagName": "null",
            "outputConfiguration": "null"
        },
        {
            "tagName": "XI_23152_01_MR.CL_ECPR",
            "dataScienceTagName": "null",
            "outputConfiguration": "null"
        },
        {
            "tagName": "XI_23154_01_MR.CL_ECPR",
            "dataScienceTagName": "null",
            "outputConfiguration": "null"
        },
        {
            "tagName": "XI_23177_01_MR.CL_ECPR",
            "dataScienceTagName": "null",
            "outputConfiguration": "null"
        },
        {
            "tagName": "XI_23167_01_MR.CL_ECPR",
            "dataScienceTagName": "null",
            "outputConfiguration": "null"
        },
        {
            "tagName": "XI_23169_01_MR.CL_ECPR",
            "dataScienceTagName": "null",
            "outputConfiguration": "null"
        },
        {
            "tagName": "XI_23192_01_MR.CL_ECPR",
            "dataScienceTagName": "null",
            "outputConfiguration": "null"
        },
        {
            "tagName": "XI_23203_01_MR.CL_ECPR",
            "dataScienceTagName": "null",
            "outputConfiguration": "null"
        },
        {
            "tagName": "XI_23182_01_MR.CL_ECPR",
            "dataScienceTagName": "null",
            "outputConfiguration": "null"
        },
        {
            "tagName": "XI_23005_01_MR.PV_AG",
            "dataScienceTagName": "null",
            "outputConfiguration": "null"
        },
        {
            "tagName": "XI_23014_01_MR.PV_AG",
            "dataScienceTagName": "null",
            "outputConfiguration": "null"
        },
        {
            "tagName": "XI_23015_01_MR.PV_AG",
            "dataScienceTagName": "null",
            "outputConfiguration": "null"
        },
        {
            "tagName": "XI_23032_01_MR.PV_AG",
            "dataScienceTagName": "null",
            "outputConfiguration": "null"
        },
        {
            "tagName": "XI_23024_01_MR.PV_AG",
            "dataScienceTagName": "null",
            "outputConfiguration": "null"
        },
        {
            "tagName": "XI_23026_01_MR.PV_AG",
            "dataScienceTagName": "null",
            "outputConfiguration": "null"
        },
        {
            "tagName": "XI_23029_01_MR.PV_AG",
            "dataScienceTagName": "null",
            "outputConfiguration": "null"
        },
        {
            "tagName": "XI_23049_01_MR.PV_AG",
            "dataScienceTagName": "null",
            "outputConfiguration": "null"
        },
        {
            "tagName": "XI_23050_01_MR.PV_AG",
            "dataScienceTagName": "null",
            "outputConfiguration": "null"
        },
        {
            "tagName": "XI_23293_01_MR.PV_AG",
            "dataScienceTagName": "null",
            "outputConfiguration": "null"
        },
        {
            "tagName": "XI_23071_01_MR.PV_AG",
            "dataScienceTagName": "null",
            "outputConfiguration": "null"
        },
        {
            "tagName": "XI_23072_01_MR.PV_AG",
            "dataScienceTagName": "null",
            "outputConfiguration": "null"
        },
        {
            "tagName": "XI_23057_01_MR.PV_AG",
            "dataScienceTagName": "null",
            "outputConfiguration": "null"
        },
        {
            "tagName": "XI_23069_01_MR.PV_AG",
            "dataScienceTagName": "null",
            "outputConfiguration": "null"
        },
        {
            "tagName": "XI_23060_01_MR.PV_AG",
            "dataScienceTagName": "null",
            "outputConfiguration": "null"
        },
        {
            "tagName": "XI_23061_01_MR.PV_AG",
            "dataScienceTagName": "null",
            "outputConfiguration": "null"
        },
        {
            "tagName": "XI_23075_01_MR.PV_AG",
            "dataScienceTagName": "null",
            "outputConfiguration": "null"
        },
        {
            "tagName": "XI_23076_01_MR.PV_AG",
            "dataScienceTagName": "null",
            "outputConfiguration": "null"
        },
        {
            "tagName": "XI_23077_01_MR.PV_AG",
            "dataScienceTagName": "null",
            "outputConfiguration": "null"
        },
        {
            "tagName": "XI_23078_01_MR.PV_AG",
            "dataScienceTagName": "null",
            "outputConfiguration": "null"
        },
        {
            "tagName": "XI_23082_01_MR.PV_AG",
            "dataScienceTagName": "null",
            "outputConfiguration": "null"
        },
        {
            "tagName": "XI_23083_01_MR.PV_AG",
            "dataScienceTagName": "null",
            "outputConfiguration": "null"
        },
        {
            "tagName": "XI_23084_01_MR.PV_AG",
            "dataScienceTagName": "null",
            "outputConfiguration": "null"
        },
        {
            "tagName": "XI_23085_01_MR.PV_AG",
            "dataScienceTagName": "null",
            "outputConfiguration": "null"
        },
        {
            "tagName": "XI_23314_01_MR.PV_AG",
            "dataScienceTagName": "null",
            "outputConfiguration": "null"
        },
        {
            "tagName": "XI_23274_01_MR.PV_AG",
            "dataScienceTagName": "null",
            "outputConfiguration": "null"
        },
        {
            "tagName": "XI_23146_01_MR.PV_AG",
            "dataScienceTagName": "null",
            "outputConfiguration": "null"
        },
        {
            "tagName": "XI_23133_01_MR.PV_AG",
            "dataScienceTagName": "null",
            "outputConfiguration": "null"
        },
        {
            "tagName": "XI_23136_01_MR.PV_AG",
            "dataScienceTagName": "null",
            "outputConfiguration": "null"
        },
        {
            "tagName": "XI_23149_01_MR.PV_AG",
            "dataScienceTagName": "null",
            "outputConfiguration": "null"
        },
        {
            "tagName": "XI_23152_01_MR.PV_AG",
            "dataScienceTagName": "null",
            "outputConfiguration": "null"
        },
        {
            "tagName": "XI_23154_01_MR.PV_AG",
            "dataScienceTagName": "null",
            "outputConfiguration": "null"
        },
        {
            "tagName": "XI_23177_01_MR.PV_AG",
            "dataScienceTagName": "null",
            "outputConfiguration": "null"
        },
        {
            "tagName": "XI_23167_01_MR.PV_AG",
            "dataScienceTagName": "null",
            "outputConfiguration": "null"
        },
        {
            "tagName": "XI_23169_01_MR.PV_AG",
            "dataScienceTagName": "null",
            "outputConfiguration": "null"
        },
        {
            "tagName": "XI_23192_01_MR.PV_AG",
            "dataScienceTagName": "null",
            "outputConfiguration": "null"
        },
        {
            "tagName": "XI_23203_01_MR.PV_AG",
            "dataScienceTagName": "null",
            "outputConfiguration": "null"
        },
        {
            "tagName": "XI_23182_01_MR.PV_AG",
            "dataScienceTagName": "null",
            "outputConfiguration": "null"
        }
    ]
}