{
    "JobId": "d29ddf43-7df4-490b-96fc-99f41eacbb1c",
    "ModelId": "model-cps-hbwnarea01nap01-pareto1",
    "CalculationType": "GED_DR_MASS_TEST",
    "TimeStamp": "1614770498000",
    "Configuration": {},
    "OutputDataList": [
        {
            "tagName": "XI_23005_01_MR.PV_AG",
            "value": 808783.7990938352,
            "outputConfiguration": {}
        },
        {
            "tagName": "XI_23005_01_MR.CL_ECPR",
            "value": 0,
            "outputConfiguration": {}
        },
        {
            "tagName": "XI_23014_01_MR.PV_AG",
            "value": 393541.9,
            "outputConfiguration": {}
        },
        {
            "tagName": "XI_23014_01_MR.CL_ECPR",
            "value": 0,
            "outputConfiguration": {}
        },
        {
            "tagName": "XI_23015_01_MR.PV_AG",
            "value": 406227.3,
            "outputConfiguration": {}
        },
        {
            "tagName": "XI_23015_01_MR.CL_ECPR",
            "value": 0,
            "outputConfiguration": {}
        },
        {
            "tagName": "XI_23032_01_MR.PV_AG",
            "value": 1838541.9999999998,
            "outputConfiguration": {}
        },
        {
            "tagName": "XI_23032_01_MR.CL_ECPR",
            "value": 0,
            "outputConfiguration": {}
        },
        {
            "tagName": "XI_23024_01_MR.PV_AG",
            "value": 362346.3,
            "outputConfiguration": {}
        },
        {
            "tagName": "XI_23024_01_MR.CL_ECPR",
            "value": 0,
            "outputConfiguration": {}
        },
        {
            "tagName": "XI_23026_01_MR.PV_AG",
            "value": 151568.2,
            "outputConfiguration": {}
        },
        {
            "tagName": "XI_23026_01_MR.CL_ECPR",
            "value": 0,
            "outputConfiguration": {}
        },
        {
            "tagName": "XI_23029_01_MR.PV_AG",
            "value": 285594.8,
            "outputConfiguration": {}
        },
        {
            "tagName": "XI_23029_01_MR.CL_ECPR",
            "value": 0,
            "outputConfiguration": {}
        },
        {
            "tagName": "XI_23049_01_MR.PV_AG",
            "value": 15402.2,
            "outputConfiguration": {}
        },
        {
            "tagName": "XI_23049_01_MR.CL_ECPR",
            "value": 0,
            "outputConfiguration": {}
        },
        {
            "tagName": "XI_23050_01_MR.PV_AG",
            "value": 102241.2810619396,
            "outputConfiguration": {}
        },
        {
            "tagName": "XI_23050_01_MR.CL_ECPR",
            "value": 0,
            "outputConfiguration": {}
        },
        {
            "tagName": "XI_23293_01_MR.PV_AG",
            "value": 3757.729084406358,
            "outputConfiguration": {}
        },
        {
            "tagName": "XI_23293_01_MR.CL_ECPR",
            "value": 0,
            "outputConfiguration": {}
        },
        {
            "tagName": "XI_23071_01_MR.PV_AG",
            "value": 56856.14,
            "outputConfiguration": {}
        },
        {
            "tagName": "XI_23071_01_MR.CL_ECPR",
            "value": 0,
            "outputConfiguration": {}
        },
        {
            "tagName": "XI_23072_01_MR.PV_AG",
            "value": 87893.68,
            "outputConfiguration": {}
        },
        {
            "tagName": "XI_23072_01_MR.CL_ECPR",
            "value": 0,
            "outputConfiguration": {}
        },
        {
            "tagName": "XI_23057_01_MR.PV_AG",
            "value": 861748.6526487208,
            "outputConfiguration": {}
        },
        {
            "tagName": "XI_23057_01_MR.CL_ECPR",
            "value": 0,
            "outputConfiguration": {}
        },
        {
            "tagName": "XI_23069_01_MR.PV_AG",
            "value": 69936.71829275879,
            "outputConfiguration": {}
        },
        {
            "tagName": "XI_23069_01_MR.CL_ECPR",
            "value": 0,
            "outputConfiguration": {}
        },
        {
            "tagName": "XI_23060_01_MR.PV_AG",
            "value": 59056.0542993949,
            "outputConfiguration": {}
        },
        {
            "tagName": "XI_23060_01_MR.CL_ECPR",
            "value": 0,
            "outputConfiguration": {}
        },
        {
            "tagName": "XI_23061_01_MR.PV_AG",
            "value": 29971.09110907803,
            "outputConfiguration": {}
        },
        {
            "tagName": "XI_23061_01_MR.CL_ECPR",
            "value": 0,
            "outputConfiguration": {}
        },
        {
            "tagName": "XI_23075_01_MR.PV_AG",
            "value": 81295.1122481698,
            "outputConfiguration": {}
        },
        {
            "tagName": "XI_23075_01_MR.CL_ECPR",
            "value": 0,
            "outputConfiguration": {}
        },
        {
            "tagName": "XI_23076_01_MR.PV_AG",
            "value": 95837.67146369805,
            "outputConfiguration": {}
        },
        {
            "tagName": "XI_23076_01_MR.CL_ECPR",
            "value": 0,
            "outputConfiguration": {}
        },
        {
            "tagName": "XI_23077_01_MR.PV_AG",
            "value": 96407.38290215375,
            "outputConfiguration": {}
        },
        {
            "tagName": "XI_23077_01_MR.CL_ECPR",
            "value": 0,
            "outputConfiguration": {}
        },
        {
            "tagName": "XI_23078_01_MR.PV_AG",
            "value": 90772.40702177791,
            "outputConfiguration": {}
        },
        {
            "tagName": "XI_23078_01_MR.CL_ECPR",
            "value": 0,
            "outputConfiguration": {}
        },
        {
            "tagName": "XI_23082_01_MR.PV_AG",
            "value": 78515.89910350126,
            "outputConfiguration": {}
        },
        {
            "tagName": "XI_23082_01_MR.CL_ECPR",
            "value": 0,
            "outputConfiguration": {}
        },
        {
            "tagName": "XI_23083_01_MR.PV_AG",
            "value": 89706.14376590372,
            "outputConfiguration": {}
        },
        {
            "tagName": "XI_23083_01_MR.CL_ECPR",
            "value": 0,
            "outputConfiguration": {}
        },
        {
            "tagName": "XI_23084_01_MR.PV_AG",
            "value": 85828.10345436461,
            "outputConfiguration": {}
        },
        {
            "tagName": "XI_23084_01_MR.CL_ECPR",
            "value": 0,
            "outputConfiguration": {}
        },
        {
            "tagName": "XI_23085_01_MR.PV_AG",
            "value": 84422.06898791961,
            "outputConfiguration": {}
        },
        {
            "tagName": "XI_23085_01_MR.CL_ECPR",
            "value": 0,
            "outputConfiguration": {}
        },
        {
            "tagName": "XI_23314_01_MR.PV_AG",
            "value": 4397.671,
            "outputConfiguration": {}
        },
        {
            "tagName": "XI_23314_01_MR.CL_ECPR",
            "value": 0,
            "outputConfiguration": {}
        },
        {
            "tagName": "XI_23274_01_MR.PV_AG",
            "value": 143.0204000000855,
            "outputConfiguration": {}
        },
        {
            "tagName": "XI_23274_01_MR.CL_ECPR",
            "value": 0,
            "outputConfiguration": {}
        },
        {
            "tagName": "XI_23146_01_MR.PV_AG",
            "value": 52814.72661981155,
            "outputConfiguration": {}
        },
        {
            "tagName": "XI_23146_01_MR.CL_ECPR",
            "value": 0,
            "outputConfiguration": {}
        },
        {
            "tagName": "XI_23133_01_MR.PV_AG",
            "value": 65575.47877382292,
            "outputConfiguration": {}
        },
        {
            "tagName": "XI_23133_01_MR.CL_ECPR",
            "value": 0,
            "outputConfiguration": {}
        },
        {
            "tagName": "XI_23136_01_MR.PV_AG",
            "value": 63714.18316454906,
            "outputConfiguration": {}
        },
        {
            "tagName": "XI_23136_01_MR.CL_ECPR",
            "value": 0,
            "outputConfiguration": {}
        },
        {
            "tagName": "XI_23149_01_MR.PV_AG",
            "value": 14540.070241722164,
            "outputConfiguration": {}
        },
        {
            "tagName": "XI_23149_01_MR.CL_ECPR",
            "value": 0,
            "outputConfiguration": {}
        },
        {
            "tagName": "XI_23152_01_MR.PV_AG",
            "value": 519861.5174894694,
            "outputConfiguration": {}
        },
        {
            "tagName": "XI_23152_01_MR.CL_ECPR",
            "value": 0,
            "outputConfiguration": {}
        },
        {
            "tagName": "XI_23154_01_MR.PV_AG",
            "value": 13864.20774188431,
            "outputConfiguration": {}
        },
        {
            "tagName": "XI_23154_01_MR.CL_ECPR",
            "value": 0,
            "outputConfiguration": {}
        },
        {
            "tagName": "XI_23177_01_MR.PV_AG",
            "value": 1e-10,
            "outputConfiguration": {}
        },
        {
            "tagName": "XI_23177_01_MR.CL_ECPR",
            "value": 0,
            "outputConfiguration": {}
        },
        {
            "tagName": "XI_23167_01_MR.PV_AG",
            "value": 95153.48,
            "outputConfiguration": {}
        },
        {
            "tagName": "XI_23167_01_MR.CL_ECPR",
            "value": 0,
            "outputConfiguration": {}
        },
        {
            "tagName": "XI_23169_01_MR.PV_AG",
            "value": 6219.565,
            "outputConfiguration": {}
        },
        {
            "tagName": "XI_23169_01_MR.CL_ECPR",
            "value": 0,
            "outputConfiguration": {}
        },
        {
            "tagName": "XI_23182_01_MR.PV_AG",
            "value": 179130.3,
            "outputConfiguration": {}
        },
        {
            "tagName": "XI_23182_01_MR.CL_ECPR",
            "value": 0,
            "outputConfiguration": {}
        },
        {
            "tagName": "XI_23192_01_MR.PV_AG",
            "value": 240328.70000000004,
            "outputConfiguration": {}
        },
        {
            "tagName": "XI_23192_01_MR.CL_ECPR",
            "value": 0,
            "outputConfiguration": {}
        },
        {
            "tagName": "XI_23203_01_MR.PV_AG",
            "value": 7566.251,
            "outputConfiguration": {}
        },
        {
            "tagName": "XI_23203_01_MR.CL_ECPR",
            "value": 0,
            "outputConfiguration": {}
        }
    ]
}