CONTRACT_NUMBER,CONTRACT_NAME,CONTRACT_DESCRIPTION,START_DATE,END_DATE,GPO_NAME,GPO_SIGN_DATE,MANUFACTURER_NAME,MANUFACURER_SIGN_DATE,DISTRIBUTOR_NAME,DISTRIBUTOR_SIGN_DATE,HOSPITAL_NAME,HOSPITAL_SIGN_DATE
,,,,,,,,,,,,
C1001,C Name 1001,C Name 1001,10/10/2021,11/10/2021,GPO_NAME10,10/10/2021,Medical Action Industries Inc,10/10/2021,Cardinal Health,10/10/2021,Embracing Care,10/10/2021
C1002,C Name 1002,C Name 1002,11/10/2021,12/10/2021,GPO_NAME11,10/10/2021,Medical Action Industries Inc,10/10/2021,Health Catalyst,10/10/2021,Angelwalk Hospital,10/10/2021
C1003,C Name 1003,C Name 1003,12/10/2021,13/10/2021,GPO_NAME12,10/10/2021,Medical Action Industries Inc,10/10/2021,Mishle Home Care,10/10/2021,Universal Body Clinic,10/10/2021
C1004,C Name 1004,C Name 1004,13/10/2021,14/10/2021,GPO_NAME13,10/10/2021,Medical Action Industries Inc,10/10/2021,Yankee Alliance,10/10/2021,INDIAN RIVER MEMORIAL HOSPITAL,10/10/2021
