manufacturer,manufacturer_catalog_number,item_number,description,size,gauge,capacity,color,BUOM,UM,base_price,price,type_id,name,short_description,status,is_pack,units_in_pack,category,parent_product_category,mfg_date,expiry_date,image
Medical Action Industries Inc,57769,2001,Comp  Medc 1314SUT1002,20*10,5.3 Mil,37 Gal,Black,10,BX,$10.21,$102.10,850,KK1,Comp  Medc 1314SUT1002,Active,Y,10,710,713,2020-12,2021-10,Y
Medical Action Industries Inc,61105,2002,Steel Instruments,20*11,6.3 Mil,38 Gal,Black,10,BX,$11.21,$103.10,851,Steel Instruments,Steel Instruments,Active,Y,10,711,714,2020-11,2021-9,Y
Medical Action Industries Inc,61207,2003,Func To Medc 1314SPCT1002,20*12,7.3 Mil,39 Gal,Black,10,BX,$12.21,$104.10,852,Func To Medc 1314SPCT1002,Func To Medc 1314SPCT1002,Active,Y,10,712,715,2020-10,2021-8,Y
Medical Action Industries Inc,61218,2004,White 1 1/2,20*13,8.3 Mil,40 Gal,Black,10,BX,$13.21,$105.10,853,White 1 1/2,White 1 1/2,Active,N,10,713,716,2020-9,2021-7,Y
Medical Action Industries Inc,61280,2005,Kaiwalya Kulkarni,20*14,9.3 Mil,41 Gal,Black,10,BX,$14.21,$106.10,854,Kaiwalya Kulkarni,Kaiwalya Kulkarni,Active,N,10,714,717,2020-8,2021-6,Y
