HOSPITAL_ID,HOSPITAL_TYPE,HOSPITAL_NAME,HOSPITAL_SHORT_NAME,LAST_UPDATE_USER,SOURCE_IDENTIFIER,COUNTRY_OF_ORIGIN,HOSPITAL_ADDRESS
H1001,Clinics,BETHESDA MEMORIAL HOSPITAL,BMH,USER1,S1,US,XYZ123
H1002,Specialty Hospitals,BOCA RATON COMMUNITY HOSPITAL,BCH,USER1,S1,US,XYZ124
H1003,Teaching Hospitals,HEALTH FIRST BUS CTR/HOLMES,HSBC,USER1,S1,US,XYZ125
H1004,Clinics,INDIAN RIVER MEMORIAL HOSPITAL,IRMH,USER1,S1,US,XYZ126
H1005,Specialty Hospitals,MARTIN MEMORIAL MEDICAL CENTER,MMMC,USER1,S1,US,XYZ127
H1006,Teaching Hospitals,JUPITER MEDICAL CENTER,JMC,USER1,S1,US,XYZ128
