manufacturer,manufacturer_catalog_number,item_number,description,size,gauge,capacity,color,BUOM,UM,base _price, price ,type_id,name,short_description,status,is_pack,units_in_pack,category,mfg_date,expiry_date,image
NovaplusÂ®,56249,1001,Comp Medc 1314NETBND11             ,30*20,5.3 Mil,37 Gal,Black,10,BX, $10.21 , $10.21 ,,Comp Medc 1314NETBND11             ,Comp Medc 1314NETBND11             ,Active,Y,10,710,2020-12,2021-10,Y
NovaplusÂ®,56249,1002,Tyvek Heat Seal Pouch 4 X 8  ,30*21,6.3 Mil,38 Gal,Black,10,BX, $11.21 , $11.21 ,,Tyvek Heat Seal Pouch 4 X 8  ,Tyvek Heat Seal Pouch 4 X 8  ,Active,Y,10,711,2020-11,2021-9,Y
NovaplusÂ®,56249,1003,Tyvek Pouch  7 1/2X13 Hs ,30*22,7.3 Mil,39 Gal,Black,10,BX, $12.21 , $12.21 ,,Tyvek Pouch  7 1/2X13 Hs ,Tyvek Pouch  7 1/2X13 Hs ,Active,Y,10,712,2020-10,2021-8,Y
NovaplusÂ®,56249,1004,Tyvek Self Seal Pouch 5 1/4 X 10 1/4  ,30*23,8.3 Mil,40 Gal,Black,10,BX, $13.21 , $13.21 ,,Tyvek Self Seal Pouch 5 1/4 X 10 1/4  ,Tyvek Self Seal Pouch 5 1/4 X 10 1/4  ,Active,Y,10,713,2020-9,2021-7,Y
NovaplusÂ®,56249,1005,Reel Sterilization Heat-Seal Clear White 200Feet 10Inch Tyvek,30*24,9.3 Mil,41 Gal,Black,10,BX, $14.21 , $14.21 ,,Reel Sterilization Heat-Seal Clear White 200Feet 10Inch Tyvek,Reel Sterilization Heat-Seal Clear White 200Feet 10Inch Tyvek,Active,Y,10,714,2020-8,2021-6,Y